﻿1,Theatre,#500-75 O'Connor Street,NULL,K4B 1S2,3
2,Theatre,#9900 2700 Production Way,NULL,V5A 4X1,15
3,Theatre,1050 Oak Street,NULL,98104,19
4,Theatre,1200 First Ave.,NULL,60433,18
5,Theatre,123 Camelia Avenue,NULL,93030,20
6,Theatre,123 W. Lake Ave.,NULL,61606,24
7,Theatre,12345 Sterling Avenue,NULL,75061,8
8,Theatre,1318 Lasalle Street,NULL,98011,14
9,Theatre,15 East Main,NULL,98366,1
10,Theatre,165 North Main,NULL,78701,11
11,Theatre,2000 300th Street,NULL,80203,11
12,Theatre,20225 Lansing Ave,NULL,H1Y 2H7,20
13,Theatre,220 Mercy Drive,NULL,75040,21
14,Theatre,225 South 314th Street,NULL,98003,9
15,Theatre,2251 Elliot Avenue,NULL,98104,18
16,Theatre,2255 254th Avenue Se,NULL,97321,1
17,Theatre,22555 Paseo De Las Americas,NULL,92102,6
18,Theatre,22571 South 2500 East,NULL,83402,1
19,Theatre,22580 Free Street,NULL,M4B 1V7,17
20,Theatre,22589 West Craig Road,NULL,89030,24
21,Theatre,23025 S.W. Military Rd.,NULL,78204,12
22,Theatre,2345 North Freeway,NULL,77003,20
23,Theatre,2345 West Spencer Road,NULL,98036,8
24,Theatre,25 Danger Street West,NULL,M4B 1V5,10
25,Theatre,25 First Canadian Place,NULL,M4B 1V5,13
26,Theatre,"25 Hartfield Road, Wimbledon",NULL,SW19 3RU,3
27,Theatre,25 N State St,NULL,60610,21
28,Theatre,250 Kingsbridge Garden Circle,NULL,L5B 3V4,24
29,Theatre,2500 N Serene Blvd,NULL,90245,19
30,Theatre,2500 North Stemmons Freeway,NULL,75201,9
31,Theatre,2500 University Avenue,NULL,M4B 1V5,24
32,Theatre,250000 Eight Mile Road,NULL,48226,3
33,Theatre,25001 Montague Expressway,NULL,95035,1
34,Theatre,2500-622 5th Ave Sw,NULL,T2P 2G8,7
35,Theatre,2502 Evergreen Ste E,NULL,98201,16
36,Theatre,"250333 Southport Road, S.W.",NULL,T2P 2G8,23
37,Theatre,2505 Gateway Drive,NULL,K4B 1S2,12
38,Theatre,250551 Shellbridge Way,NULL,V5A 4X1,24
39,Theatre,2507 Pacific Ave S,NULL,98104,4
40,Theatre,250775 SW Hillsdale Hwy,NULL,60433,23
41,Theatre,250880 Baur Blvd,NULL,93030,6
42,Theatre,2509 W. Frankford,NULL,61606,7
43,Theatre,25095 W. Florissant,NULL,75061,19
44,Theatre,251 Indell Lane,NULL,98011,14
45,Theatre,251 The Metro Center,NULL,98366,10
46,Theatre,2510 Crew Court,NULL,78701,1
47,Theatre,25102 Springwater,NULL,80203,17
48,Theatre,2511 Baker Road,NULL,H1Y 2H7,22
49,Theatre,25111 228th St Sw,NULL,75040,22
50,Theatre,2512-410th Avenue S.W.,NULL,98003,5
51,Theatre,2512-4th Ave Sw,NULL,98104,21
52,Theatre,25130 South State Street,NULL,97321,22
53,Theatre,251340 E. South St.,NULL,92102,18
54,Theatre,25136 Jefferson Blvd.,NULL,83402,10
55,Theatre,251420a 170th Street,NULL,M4B 1V7,17
56,Theatre,25149 Howard Dr,NULL,89030,22
57,Theatre,25150 El Camino Real,NULL,78204,8
58,Theatre,2520 Flanders Road,NULL,77003,17
59,Theatre,2521 McPherson Street,NULL,98036,3
60,Theatre,25220 Airline Road,NULL,M4B 1V5,2
61,Theatre,252345 8810th Avenue,NULL,M4B 1V5,10
62,Theatre,2524 Barlby Road,NULL,SW19 3RU,16
63,Theatre,25245 Rue Sherbrooke Ouest,NULL,60610,15
64,Theatre,25250 N 90th St,NULL,L5B 3V4,24
65,Theatre,25269 N. Wood Dale Rd,NULL,90245,2
66,Theatre,25269 Wood Dale Rd.,NULL,75201,3
67,Theatre,2526a Tri-Lake Blvd Ne,NULL,M4B 1V5,11
68,Theatre,2528 Meridian E,NULL,48226,18
69,Theatre,252851 Rowan Place,NULL,95035,12
70,Theatre,2530 South Colorado Blvd.,NULL,T2P 2G8,14
71,Theatre,25300 Biddle Road,NULL,98201,6
72,Theatre,25306 Harvey Rd.,NULL,T2P 2G8,21
73,Theatre,"253131 Lake Frasier Drive, Office No. 2",NULL,K4B 1S2,24
74,Theatre,2533 Eureka Rd.,NULL,V5A 4X1,24
75,Theatre,"253711 Mayfield Place, Unit 150",NULL,98104,17
76,Theatre,253731 West Bell Road,NULL,60433,4
77,Theatre,253950 N.E. 178th Place,NULL,93030,3
78,Theatre,254 Colonnade Road,NULL,61606,25
79,Theatre,2540 Dell Range Blvd,NULL,75061,24
80,Theatre,254480 River Rd,NULL,98011,22
81,Theatre,2545 King Street West,NULL,98366,13
82,Theatre,25472 Marlay Ave,NULL,78701,6
83,Theatre,255 Irving Street,NULL,80203,21
84,Theatre,2550 Middlefield Road,NULL,H1Y 2H7,13
85,Theatre,2550 Ne Sandy Blvd,NULL,75040,2
86,Theatre,2550 Signet Drive,NULL,98003,5
87,Theatre,25500 Old Spanish Trail,NULL,98104,13
88,Theatre,2551 East Warner Road,NULL,97321,15
89,Theatre,255117 - 101 Avenue,NULL,92102,15
90,Theatre,25537 Hillside Avenue,NULL,83402,22
91,Theatre,25550 Executive Dr,NULL,M4B 1V7,13
92,Theatre,25575 The Queensway,NULL,89030,22
93,Theatre,2560 Bay Street,NULL,78204,13
94,Theatre,2560 E. Newlands Dr,NULL,77003,7
95,Theatre,25600 E St Andrews Pl,NULL,98036,22
96,Theatre,25620 Firestone Boulevard,NULL,M4B 1V5,17
97,Theatre,2564 S. Redwood Rd.,NULL,M4B 1V5,24
98,Theatre,25708 Dell Range Blvd.,NULL,SW19 3RU,3
99,Theatre,25718 Se Sunnyside Rd,NULL,60610,25
100,Theatre,2573 Dufferin Street,NULL,L5B 3V4,6
101,Theatre,"25730, boul. St-Régis",NULL,90245,25
102,Theatre,2574 Milton Park,NULL,75201,11
103,Theatre,2575 Bloor Street East,NULL,M4B 1V5,10
104,Theatre,2575 Rocky Mountain Ave.,NULL,48226,9
105,Theatre,2575 West 2700 South,NULL,95035,2
106,Theatre,25751 University Drive,NULL,T2P 2G8,19
107,Theatre,257700 Ne 76th Street,NULL,98201,17
108,Theatre,258 King Street East,NULL,T2P 2G8,18
109,Theatre,258101 Nw Evergreen Parkway,NULL,K4B 1S2,16
110,Theatre,2583 Se 272nd St,NULL,V5A 4X1,11
111,Theatre,25871 North Main Street,NULL,98104,25
112,Theatre,25900-700-9th Ave S.W.,NULL,60433,21
113,Theatre,25915 140th Ave Ne,NULL,93030,10
114,Theatre,25981 College Street,NULL,61606,22
115,Theatre,259826 Russell Rd. South,NULL,75061,6
116,Theatre,2681 Eagle Peak,NULL,98011,12
117,Theatre,26910 Indela Road,NULL,98366,17
118,Theatre,2900 - 25055 Dunning Street,NULL,78701,24
119,Theatre,"30025 Wayburne Drive, Suite 275",NULL,80203,12
120,Theatre,3025 E Waterway Blvd,NULL,H1Y 2H7,17
121,Theatre,3065 Santa Margarita Parkway,NULL,75040,19
122,Theatre,308-3250 Casting Road,NULL,98003,10
123,Theatre,3207 S Grady Way,NULL,98104,6
124,Theatre,3250 Baldwin Park Blvd,NULL,97321,10
125,Theatre,3250 South Meridian,NULL,92102,11
126,Theatre,3255 Front Street West,NULL,83402,16
127,Theatre,"32605 West 252 Mile Road, Suite 250",NULL,M4B 1V7,13
128,Theatre,3307 Evergreen Blvd,NULL,89030,6
129,Theatre,3390 South 23rd St.,NULL,78204,20
130,Theatre,35525-9th Street Sw,NULL,77003,18
131,Theatre,3900 S. 997th St.,NULL,98036,4
132,Theatre,399 Clearing Green,NULL,M4B 1V5,21
133,Theatre,39933 Mission Oaks Blvd,NULL,M4B 1V5,10
134,Theatre,399700 John R. Rd.,NULL,SW19 3RU,11
135,Theatre,400-25155 West Pender St,NULL,60610,22
136,Theatre,409 S. Main Ste. 25,NULL,L5B 3V4,1
137,Theatre,409 Santa Monica Blvd.,NULL,90245,5
138,Theatre,4210 E Sprague Ave,NULL,75201,21
139,Theatre,42500 W 76th St,NULL,M4B 1V5,7
140,Theatre,4251 First Avenue,NULL,48226,17
141,Theatre,4255 East Lies Road,NULL,95035,1
142,Theatre,"43251 Viking Way, Unit 130",NULL,T2P 2G8,25
143,Theatre,440 West Huntington Dr.,NULL,98201,8
144,Theatre,4400 March Road,NULL,T2P 2G8,4
145,Theatre,44025 W. Empire,NULL,K4B 1S2,3
146,Theatre,4460 Newport Center Drive,NULL,V5A 4X1,16
147,Theatre,44606 N Division St,NULL,98104,20
148,Theatre,45259 Canada Way,NULL,60433,20
149,Theatre,455 256th St.,NULL,93030,1
150,Theatre,4635 S. Harrison Blvd.,NULL,61606,9
151,Theatre,46-44 Albemarle Street,NULL,75061,13
152,Theatre,46460 West Oaks Drive,NULL,98011,3
153,Theatre,4660 Rodeo Road,NULL,98366,7
154,Theatre,46990 Viking Way,NULL,78701,9
155,Theatre,4781 Highway 95,NULL,80203,10
156,Theatre,482505 Warm Springs Blvd.,NULL,H1Y 2H7,24
157,Theatre,48255 I-10 E. @ Eastpoint Blvd.,NULL,75040,13
158,Theatre,48995 Evergreen Wy.,NULL,98003,1
159,Theatre,490 Ne 4th St,NULL,98104,23
160,Theatre,4927 S Meridian Ave Ste D,NULL,97321,4
161,Theatre,49925 Crestview Drive N.E.,NULL,92102,13
162,Theatre,5 place Ville-Marie,NULL,83402,14
163,Theatre,509 Nafta Boulevard,NULL,M4B 1V7,3
164,Theatre,52500 Liberty Way,NULL,89030,8
165,Theatre,5250-505 Burning St,NULL,78204,18
166,Theatre,52560 Free Street,NULL,77003,18
167,Theatre,5420 West 22500 South,NULL,98036,23
168,Theatre,54254 Pacific Ave.,NULL,M4B 1V5,5
169,Theatre,55 Lakeshore Blvd East,NULL,M4B 1V5,4
170,Theatre,55 Standish Court,NULL,SW19 3RU,20
171,Theatre,5500 Grossmont Center Drive,NULL,60610,12
172,Theatre,5525 South Hover Road,NULL,L5B 3V4,12
173,Theatre,558 S 6th St,NULL,90245,2
174,Theatre,5650 West 88th Ave.,NULL,75201,17
175,Theatre,566 S. Main,NULL,M4B 1V5,18
176,Theatre,567 Sw Mcloughlin Blvd,NULL,48226,21
177,Theatre,5700 Explorer Drive,NULL,95035,24
178,Theatre,5700 Legacy Dr,NULL,T2P 2G8,22
179,Theatre,57251 Serene Blvd,NULL,98201,18
180,Theatre,575 Rue St Amable,NULL,T2P 2G8,22
181,Theatre,"586 Fulham Road,",NULL,K4B 1S2,10
182,Theatre,5867 Sunrise Boulevard,NULL,V5A 4X1,3
183,Theatre,595 Burning Street,NULL,98104,16
184,Theatre,5967 W Las Positas Blvd,NULL,60433,3
185,Theatre,5990 Avebury Road,NULL,93030,17
186,Theatre,"5th Floor, 79 Place D'armes",NULL,61606,12
187,Theatre,"6 The Farm, Liberty Road",NULL,75061,14
188,Theatre,600 Boul. Rene-levesque Ouest,NULL,98011,11
189,Theatre,600 Slater Street,NULL,98366,2
190,Theatre,60025 Bollinger Canyon Road,NULL,78701,4
191,Theatre,603 Gellert Blvd,NULL,80203,9
192,Theatre,6030 Conroy Road,NULL,H1Y 2H7,15
193,Theatre,6030 Robinson Road,NULL,75040,21
194,Theatre,60750 San Clemente,NULL,98003,17
195,Theatre,609 Evans Avenue,NULL,98104,16
196,Theatre,625 W Jackson Blvd. Unit 2502,NULL,97321,5
197,Theatre,62500 Neil Road,NULL,92102,22
198,Theatre,63 Free St.,NULL,83402,20
199,Theatre,63 W Monroe,NULL,M4B 1V7,8
200,Theatre,63 West Beaver Creek,NULL,89030,20
201,Theatre,630 N. Capitol Ave.,NULL,78204,14
202,Theatre,630 University Avenue,NULL,77003,13
203,Theatre,6333 Cote Vertu,NULL,98036,13
204,Theatre,6388 Lake City Way,NULL,M4B 1V5,18
205,Theatre,640 South 994th St. W.,NULL,M4B 1V5,9
206,Theatre,"6400, 888 - 3rd Avenue",NULL,SW19 3RU,18
207,Theatre,6425 Nw Loop 410,NULL,60610,15
208,Theatre,65 Gamelin Street,NULL,L5B 3V4,13
209,Theatre,6500 East Grant Road,NULL,90245,22
210,Theatre,655-4th Ave S.W.,NULL,75201,3
211,Theatre,660 Lindbergh,NULL,M4B 1V5,22
212,Theatre,"660 Saint-Jacques, Bureau 400",NULL,48226,9
213,Theatre,67 Rainer Ave S,NULL,95035,17
214,Theatre,"67 Vincent Square, Victoria",NULL,T2P 2G8,7
215,Theatre,6700 Boul Taschereau,NULL,98201,23
216,Theatre,"67255 - 8th Street N.E., Suite 350",NULL,T2P 2G8,9
217,Theatre,6753 Howard Hughes Parkway,NULL,K4B 1S2,1
218,Theatre,6756 Mowry,NULL,V5A 4X1,3
219,Theatre,6777 Kingsway,NULL,98104,10
220,Theatre,678 Eastman Ave.,NULL,60433,22
221,Theatre,6789 Warren Road,NULL,93030,25
222,Theatre,6900 Sisk Road,NULL,61606,20
223,Theatre,69251 Creditview Road,NULL,75061,7
224,Theatre,6996 South Lindbergh,NULL,98011,23
225,Theatre,6th Floor 5250 Main Street,NULL,98366,22
226,Theatre,6th Floor Ferguson Block,NULL,78701,12
227,Theatre,"6th Floor, 25st Canadian Place",NULL,80203,7
228,Theatre,"7 Garden House Cloisters, 8 Batters",NULL,H1Y 2H7,7
229,Theatre,7 Pioneer Business Park,NULL,75040,17
230,Theatre,70 N.W. Plaza,NULL,98003,5
231,Theatre,700 Bureau Road,NULL,98104,15
232,Theatre,700 Se Sunnyside Road,NULL,97321,17
233,Theatre,7000 Victoria Park Avenue,NULL,92102,6
234,Theatre,7009 Sw Hall Blvd.,NULL,83402,20
235,Theatre,70259 West Sunnyview Ave,NULL,M4B 1V7,22
236,Theatre,705 SE Mall Parkway,NULL,89030,11
237,Theatre,72502 Eastern Ave.,NULL,78204,5
238,Theatre,72540 Blanco Rd.,NULL,77003,5
239,Theatre,725a The Arches,NULL,98036,2
240,Theatre,74400 France Avenue South,NULL,M4B 1V5,3
241,Theatre,750 Lakeway Dr,NULL,M4B 1V5,20
242,Theatre,750 Philip Street,NULL,SW19 3RU,7
243,Theatre,7505 Laguna Boulevard,NULL,60610,11
244,Theatre,755 Columbia Ctr Blvd,NULL,L5B 3V4,11
245,Theatre,755 Nw Grandstand,NULL,90245,23
246,Theatre,755 W Washington Ave Ste D,NULL,75201,16
247,Theatre,765 Delridge Way Sw,NULL,M4B 1V5,13
248,Theatre,77 Beale Street,NULL,48226,7
249,Theatre,770 Notre Datme Quest Bureau 800,NULL,95035,15
250,Theatre,7709 West Virginia Avenue,NULL,T2P 2G8,22
251,Theatre,7750 E Marching Rd,NULL,98201,10
252,Theatre,7760 N. Pan Am Expwy,NULL,T2P 2G8,10
253,Theatre,789 West Alameda,NULL,K4B 1S2,11
254,Theatre,7943 Walnut Ave,NULL,V5A 4X1,17
255,Theatre,7990 Ocean Beach Hwy.,NULL,98104,20
256,Theatre,800 Interchange Blvd.,NULL,60433,20
257,Theatre,825 W 500 S,NULL,93030,12
258,Theatre,8525 South Parker Road,NULL,61606,25
259,Theatre,855 East Main Avenue,NULL,75061,22
260,Theatre,870 N. 54th Ave.,NULL,98011,21
261,Theatre,8713 Yosemite Ct.,NULL,98366,15
262,Theatre,90025 Sterling St,NULL,78701,12
263,Theatre,910 Main Street.,NULL,80203,22
264,Theatre,9178 Jumping St.,NULL,H1Y 2H7,4
265,Theatre,9228 Via Del Sol,NULL,75040,1
266,Theatre,9259 - 1110th Avenue Sw,NULL,98003,14
267,Theatre,"93-2501, Blackfriars Road,",NULL,98104,24
268,Theatre,950 Gateway Street,NULL,97321,18
269,Theatre,9500b E. Central Texas Expressway,NULL,92102,2
270,Theatre,955 E. County Line Rd.,NULL,83402,14
271,Theatre,955 Green Valley Crescent,NULL,M4B 1V7,14
272,Theatre,965 De La Gauchetiere West,NULL,89030,3
273,Theatre,9693 Louis H Lafontaine,NULL,78204,12
274,Theatre,9700 Sisk Road,NULL,77003,25
275,Theatre,975 Princess Street,NULL,98036,6
276,Theatre,"99 Dean Street, Soho",NULL,M4B 1V5,23
277,Theatre,99 Front Street,NULL,M4B 1V5,14
278,Theatre,"99, Rue Saint-pierre",NULL,SW19 3RU,12
279,Theatre,9900 Ronson Drive,NULL,60610,5
280,Theatre,99000 S. Avalon Blvd. Suite 750,NULL,L5B 3V4,19
281,Theatre,"9900-6400 Boul, Taschereau",NULL,90245,11
282,Theatre,9903 Highway 6 South,NULL,75201,2
283,Theatre,99040 California Avenue,NULL,M4B 1V5,1
284,Theatre,9905 Three Rivers Drive,NULL,48226,20
285,Theatre,9909 W. Ventura Boulevard,NULL,95035,17
286,Theatre,990th Floor 700 De La GauchetiSre Ou,NULL,T2P 2G8,23
287,Theatre,992 St Clair Ave East,NULL,98201,9
288,Theatre,9920 Bridgepointe Parkway,NULL,T2P 2G8,14
289,Theatre,9920 North Telegraph Rd.,NULL,K4B 1S2,18
290,Theatre,99235 Hawthorne Blvd.,NULL,V5A 4X1,24
291,Theatre,9927 N. Main St.,NULL,98104,6
292,Theatre,99295 S.e. Tualatin Valley_hwy.,NULL,60433,25
293,Theatre,99-3 Forest Works,NULL,93030,24
294,Theatre,99300 223rd Southeast,NULL,61606,10
295,Theatre,994 Sw Cherry Park Rd,NULL,75061,19
296,Theatre,99433 S. Greenbay Rd.,NULL,98011,15
297,Theatre,99450 Highway 59 North,NULL,98366,8
298,Theatre,995 Crescent,NULL,78701,5
299,Theatre,"9950 Ferrand Drive, 9th Floor",NULL,80203,7
300,Theatre,9952 E. Lohman Ave.,NULL,H1Y 2H7,22
301,Theatre,9960 King Street E.,NULL,75040,4
302,Theatre,99700 Bell Road,NULL,98003,3
303,Theatre,997000 Telegraph Rd.,NULL,98104,14
304,Theatre,9979 Bayview Drive,NULL,97321,13
305,Theatre,997b Tradescant Road,NULL,92102,6
306,Theatre,998 Forest Road,NULL,83402,9
307,Theatre,9980 S Alma School Road,NULL,M4B 1V7,13
308,Theatre,99800 Tittabawasee Rd.,NULL,89030,16
309,Theatre,"99828 Routh Street, Suite 825",NULL,78204,7
310,Theatre,9984 Wellington Street,NULL,77003,21
311,Theatre,999 West Georgia St.,NULL,98036,5
312,Theatre,9992 Whipple Rd,NULL,M4B 1V5,18
313,Theatre,9995 West Central Entrance,NULL,M4B 1V5,3
314,Theatre,"99954 Boul. Laurier, Local 060, Place",NULL,SW19 3RU,19
315,Theatre,Arcadia Crossing,NULL,60610,20
316,Theatre,Banbury,NULL,L5B 3V4,18
317,Theatre,Bayshore Mall,NULL,90245,14
318,Theatre,Belz Factory Outlet,NULL,75201,21
319,Theatre,Bldg. 9n/99298,NULL,M4B 1V5,6
320,Theatre,Blue Ridge Mall,NULL,48226,10
321,Theatre,Box 99354 300 Union Street,NULL,95035,16
322,Theatre,Bradford,NULL,T2P 2G8,12
323,Theatre,Bradford,NULL,98201,3
324,Theatre,"Bureau 9900 825, Avenue Querbes",NULL,T2P 2G8,7
325,Theatre,Burgess Hill,NULL,K4B 1S2,4
326,Theatre,"Butterfield Hse, 7-251 Chapel St",NULL,V5A 4X1,10
327,Theatre,"C/O Starpak, Inc.",NULL,98104,6
328,Theatre,Camarillo Athletic Stores,NULL,60433,10
329,Theatre,Cedar Creek Stores,NULL,93030,7
330,Theatre,City Center,NULL,61606,6
331,Theatre,Corp Ofc Accts Payable,NULL,75061,5
332,Theatre,Corporate Office,NULL,98011,22
333,Theatre,Corporate Office,NULL,98366,1
334,Theatre,Depot 80,NULL,78701,2
335,Theatre,Eastern Beltway Center,NULL,80203,3
336,Theatre,Eastridge Mall,NULL,H1Y 2H7,5
337,Theatre,Ellesfield Ave,NULL,75040,10
338,Theatre,"Elmhurst Road, Goring",NULL,98003,17
339,Theatre,Escondido,NULL,98104,24
340,Theatre,Factory Merchants,NULL,97321,14
341,Theatre,Factory Merchants,NULL,92102,2
342,Theatre,Factory Stores Of America,NULL,83402,2
343,Theatre,Factory Stores/tucson,NULL,M4B 1V7,2
344,Theatre,Fiesta Trail Shopping Center,NULL,89030,15
345,Theatre,First Colony Mall,NULL,78204,24
346,Theatre,Fountains On The Lake,NULL,77003,21
347,Theatre,Fox Hills,NULL,98036,7
348,Theatre,Frontier Mall,NULL,M4B 1V5,24
349,Theatre,Galashiels,NULL,M4B 1V5,5
350,Theatre,"Garamonde Drive, Wymbush",NULL,SW19 3RU,9
351,Theatre,"Garamonde Drive, Wymbush",NULL,60610,19
352,Theatre,Gateway,NULL,L5B 3V4,15
353,Theatre,Great Northwestern,NULL,90245,16
354,Theatre,Hanford Mall,NULL,75201,18
355,Theatre,Heritage Mall,NULL,M4B 1V5,12
356,Theatre,Holiday Village Mall,NULL,48226,24
357,Theatre,Horizon Outlet,NULL,95035,10
358,Theatre,Horizon Outlet Center,NULL,T2P 2G8,24
359,Theatre,Horizon Outlet Center,NULL,98201,11
360,Theatre,Incom Sports Center,NULL,T2P 2G8,13
361,Theatre,"Internet House, 3399 Science Park",NULL,K4B 1S2,14
362,Theatre,Johnson Creek,NULL,V5A 4X1,9
363,Theatre,Kansas City Factory Outlet,NULL,98104,21
364,Theatre,Kensington Valley Shops,NULL,60433,21
365,Theatre,Knaves Beech Ind.,NULL,93030,5
366,Theatre,Lake Elisnor Place,NULL,61606,19
367,Theatre,Lakeline Mall,NULL,75061,24
368,Theatre,Lakewood Mall,NULL,98011,7
369,Theatre,Lancaster Mall,NULL,98366,9
370,Theatre,Lewis County Mall,NULL,78701,5
371,Theatre,Lewiston Mall,NULL,80203,5
372,Theatre,Lincoln Square,NULL,H1Y 2H7,8
373,Theatre,Lone Star Factory,NULL,75040,13
374,Theatre,Mall Of Orange,NULL,98003,17
375,Theatre,Management Mall,NULL,98104,4
376,Theatre,Medford,NULL,97321,13
377,Theatre,Medford Outlet Center,NULL,92102,2
378,Theatre,Mountain Square,NULL,83402,1
379,Theatre,Natomas Marketplace,NULL,M4B 1V7,2
380,Theatre,"New Millhouse, 2583 Milton Park",NULL,89030,23
381,Theatre,No. 2000-25080 Beaver Hall Hill,NULL,78204,11
382,Theatre,No. 25400 10665 Jasper Avenue,NULL,77003,19
383,Theatre,No. 25800-130 King Street West,NULL,98036,18
384,Theatre,No. 60 Bellis Fair Parkway,NULL,M4B 1V5,2
385,Theatre,Noah Lane,NULL,M4B 1V5,21
386,Theatre,North 93270 Newport Highway,NULL,SW19 3RU,22
387,Theatre,North County Square,NULL,60610,22
388,Theatre,Norwalk Square,NULL,L5B 3V4,5
389,Theatre,Nut Tree Factory,NULL,90245,2
390,Theatre,Ohms Road,NULL,75201,9
391,Theatre,"One Dancing, Rr No. 25",NULL,M4B 1V5,15
392,Theatre,Ontario Mills,NULL,48226,25
393,Theatre,Oxnard Outlet,NULL,95035,1
394,Theatre,P.O. Box 44000,NULL,T2P 2G8,17
395,Theatre,P.O. Box 6256916,NULL,98201,7
396,Theatre,Pacific West Outlet,NULL,T2P 2G8,5
397,Theatre,Paramount House,NULL,K4B 1S2,4
398,Theatre,"Park House-4th Floor, 2516 Park St.",NULL,V5A 4X1,4
399,Theatre,Parkway Plaza,NULL,98104,9
400,Theatre,Pavillion @ Redlands,NULL,60433,13
401,Theatre,"Phoenix Way, Cirencester",NULL,93030,4
402,Theatre,Po Box 252525,NULL,61606,2
403,Theatre,Po Box 8035996,NULL,75061,1
404,Theatre,Po Box 8259024,NULL,98011,8
405,Theatre,Po Box 83270,NULL,98366,6
406,Theatre,Port Huron,NULL,78701,9
407,Theatre,Prime Outlets,NULL,80203,2
408,Theatre,Receiving,NULL,H1Y 2H7,4
409,Theatre,Redford Plaza,NULL,75040,11
410,Theatre,Ring Plaza,NULL,98003,8
411,Theatre,Riverside,NULL,98104,11
412,Theatre,Rocky Mountain Pines Outlet,NULL,97321,14
413,Theatre,S Sound Ctr Suite 25300,NULL,92102,1
414,Theatre,San Diego Factory,NULL,83402,20
415,Theatre,Sapp Road West,NULL,M4B 1V7,6
416,Theatre,"Science Park South, Birchwood",NULL,89030,14
417,Theatre,Simi @ The Plaza,NULL,78204,17
418,Theatre,Southgate Mall,NULL,77003,21
419,Theatre,Southwest Outlet,NULL,98036,23
420,Theatre,Sports Store At Park City,NULL,M4B 1V5,16
421,Theatre,Sports Stores @ Tuscola,NULL,M4B 1V5,9
422,Theatre,St. Louis Marketplace,NULL,SW19 3RU,21
423,Theatre,Station E,NULL,60610,6
424,Theatre,Stevens Creek Shopping Center,NULL,L5B 3V4,16
425,Theatre,Stonewood Mall,NULL,90245,21
426,Theatre,Suite #9902,NULL,75201,25
427,Theatre,Suite 2502 410 Albert Street,NULL,M4B 1V5,7
428,Theatre,Suite 25800 3401 - 10810th Avenue,NULL,48226,12
429,Theatre,Suite 500 995 W. 11th Avenue,NULL,95035,18
430,Theatre,Suite 800 2530 Slater Street,NULL,T2P 2G8,25
431,Theatre,Suite 99320 255 - 510th Avenue S.W.,NULL,98201,24
432,Theatre,Tanger Factory,NULL,T2P 2G8,18
433,Theatre,The Citadel Commerce Plaza,NULL,K4B 1S2,8
434,Theatre,The Quad @ WestView,NULL,V5A 4X1,6
435,Theatre,Three Rivers Mall,NULL,98104,6
436,Theatre,Topanga Plaza,NULL,60433,21
437,Theatre,Town East Center,NULL,93030,14
438,Theatre,Unit 99a Battery Retail Pk,NULL,61606,16
439,Theatre,University Town Center,NULL,75061,21
440,Theatre,Valley Mall,NULL,98011,12
441,Theatre,Viejas Outlet Center,NULL,98366,10
442,Theatre,Vista Marketplace,NULL,78701,9
443,Theatre,Wade Road,NULL,80203,14
444,Theatre,Ward Parkway Center,NULL,H1Y 2H7,11
445,Theatre,Warrington Ldc Unit 25/2,NULL,75040,15
446,Theatre,Washington Square,NULL,98003,25
447,Theatre,West Park Plaza,NULL,98104,16
448,Theatre,Wharfdale Road,NULL,97321,4
449,Theatre,White Mountain Mall,NULL,92102,3
450,Theatre,Wymbush,NULL,83402,15
