﻿1,Critics Choice,2016-01-01
2,Critics Choice,2015-01-01
3,Critics Choice,2014-01-01
4,Critics Choice,2013-01-01
5,Critics Choice,2012-01-01
6,Oscars,2016-01-01
7,Oscars,2015-01-01
8,Oscars,2014-01-01
9,Oscars,2013-01-01
10,Oscars,2012-01-01
11,Globes,2016-01-01
12,Globes,2015-01-01
13,Globes,2014-01-01
14,Globes,2013-01-01
15,Globes,2012-01-01
16,Gothams,2016-01-01
17,Gothams,2015-01-01
18,Gothams,2014-01-01
19,Gothams,2013-01-01
20,Gothams,2012-01-01
21,Spirits,2016-01-01
22,Spirits,2015-01-01
23,Spirits,2014-01-01
24,Spirits,2013-01-01
25,Spirits,2012-01-01
26,Baftas,2016-01-01
27,Baftas,2015-01-01
28,Baftas,2014-01-01
29,Baftas,2013-01-01
30,Baftas,2012-01-01
