﻿3,Donna,F.,Carreras,Female,donna0@imdb.com,NULL,donna0,YTNH5Rw=,In what city or town did your mother and father meet,A3,98104
4,Janet,M.,Gates,Female,janet1@imdb.com,NULL,janet1,nm7D5e4=,What is the middle name of your oldest child,A4,60433
5,Lucy,NULL,Harrington,Male,lucy0@imdb.com,1907-01-04,lucy0,cNFKU4w=,What is your favorite team,A5,93030
6,Rosmarie,J.,Carroll,Female,rosmarie0@imdb.com,NULL,rosmarie0,ihWf50M=,What is your favorite movie,A6,61606
7,Dominic,P.,Gash,Male,dominic0@imdb.com,NULL,dominic0,sPoUBSQ=,What was your childhood nickname,A7,75061
8,Kathleen,M.,Garza,Female,kathleen0@imdb.com,1947-06-06,kathleen0,Ls05W3g=,What is the name of your favorite childhood friend,A8,98011
9,Katherine,NULL,Harding,Male,katherine0@imdb.com,1913-07-09,katherine0,jpHKbqE=,In what city or town did your mother and father meet,A9,98366
10,Johnny,A.,Caprio,Female,johnny0@imdb.com,1988-04-12,johnny0,wVLnvHo=,What is the middle name of your oldest child,A10,78701
11,Christopher,R.,Beck,Male,christopher1@imdb.com,NULL,christopher1,8KfYx/4=,What is your favorite team,A11,80203
13,John,A.,Beaver,Male,john8@imdb.com,1961-12-05,john8,zXNgrJw=,What was your childhood nickname,A13,75040
14,Jean,P.,Handley,Male,jean1@imdb.com,NULL,jean1,uMsvfdo=,What is the name of your favorite childhood friend,A14,98003
15,Jinghao,NULL,Liu,Male,jinghao1@imdb.com,NULL,jinghao1,p6pOqKc=,In what city or town did your mother and father meet,A15,98104
16,Linda,E.,Burnett,Male,NULL,NULL,NULL,SmyIPjE=,What is the middle name of your oldest child,A16,97321
17,Kerim,NULL,Hanif,Male,kerim0@imdb.com,1934-11-12,kerim0,33g5co8=,What is your favorite team,A17,92102
18,Kevin,NULL,Liu,Female,kevin5@imdb.com,NULL,kevin5,TgZnUOg=,What is your favorite movie,A18,83402
20,Jackie,E.,Blackwell,Male,jackie0@imdb.com,NULL,jackie0,SZ+r60o=,What is the name of your favorite childhood friend,A20,89030
21,Bryan,NULL,Hamilton,Male,NULL,NULL,NULL,IRNPDIw=,In what city or town did your mother and father meet,A21,78204
22,Todd,R.,Logan,Female,todd0@imdb.com,1909-06-08,todd0,mFRhaEg=,What is the middle name of your oldest child,A22,77003
23,Barbara,J.,German,Male,barbara4@imdb.com,NULL,barbara4,Jvsxxrg=,What is your favorite team,A23,98036
27,Darren,NULL,Gehring,Male,darren0@imdb.com,NULL,darren0,Xe7grug=,In what city or town did your mother and father meet,A27,60610
29,Jeremy,NULL,Los,Male,jeremy0@imdb.com,NULL,jeremy0,JK9/WX8=,What is your favorite team,A29,90245
30,Elsa,NULL,Leavitt,Female,NULL,NULL,NULL,YADhpPo=,What is your favorite movie,A30,75201
32,Hattie,J.,Haemon,Female,hattie0@imdb.com,NULL,hattie0,8n38uVg=,What is the name of your favorite childhood friend,A32,48226
33,Anita,R.,Lucerne,Female,anita0@imdb.com,NULL,anita0,Zb6O1a0=,In what city or town did your mother and father meet,A33,95035
35,Eric,NULL,Lang,Female,eric6@imdb.com,1930-03-08,eric6,xw9RymE=,What is your favorite team,A35,98201
37,Judy,R.,Lundahl,Female,NULL,NULL,NULL,N5Ajt+s=,What was your childhood nickname,A37,57049
39,Douglas,NULL,Groncki,Male,douglas2@imdb.com,2005-11-02,douglas2,KiAAI5M=,In what city or town did your mother and father meet,A39,98403
40,Sean,J.,Lunt,Male,sean4@imdb.com,NULL,sean4,eK6Wzw0=,What is the middle name of your oldest child,A40,97005
41,Jeffrey,NULL,Kurtz,Male,jeffrey3@imdb.com,1930-06-08,jeffrey3,5MZXwF4=,What is your favorite team,A41,63103
42,Vamsi,NULL,Kuppa,Male,NULL,1985-11-02,NULL,HaDRSbY=,What is your favorite movie,A42,75006
43,Jane,P.,Greer,Male,jane2@imdb.com,NULL,jane2,qxbTTkE=,What was your childhood nickname,A43,63135
47,Christopher,M.,Bright,Male,christopher2@imdb.com,1977-08-12,christopher2,J9DNyhU=,What is your favorite team,A47,98801
49,James,J.,Krow,Male,james11@imdb.com,NULL,james11,PJEpZaA=,What was your childhood nickname,A49,98011
52,Mitch,NULL,Kennedy,Male,mitch0@imdb.com,1990-04-01,mitch0,lGI5cA0=,What is the middle name of your oldest child,A52,84070
53,James,D.,Kramer,Female,james10@imdb.com,NULL,james10,5NcSbeg=,What is your favorite team,A53,90703
54,Eric,J.,Brumfield,Male,eric3@imdb.com,NULL,eric3,MAOhXKA=,What is your favorite movie,A54,90232
55,Della,F.,Demott Jr,Male,della0@imdb.com,1954-10-04,della0,966Lz4w=,What was your childhood nickname,A55,T5
56,Pamala,M.,Kotc,Female,pamala0@imdb.com,NULL,pamala0,/rh9tFs=,What is the name of your favorite childhood friend,A56,60185
57,Joy,R.,Koski,Male,joy0@imdb.com,NULL,joy0,IrqLpXQ=,In what city or town did your mother and father meet,A57,94066
60,Scott,NULL,Konersmann,Female,scott6@imdb.com,NULL,scott6,A+rOrG0=,What is your favorite movie,A60,78404
64,Kirk,T,King,Female,kirk2@imdb.com,NULL,kirk2,b96sfSU=,What is the middle name of your oldest child,A64,85257
65,William,J.,Conner,Female,william1@imdb.com,1949-02-09,william1,94SS2WQ=,What is your favorite team,A65,60191
66,Linda,NULL,Leste,Female,linda7@imdb.com,1972-08-06,linda7,OHu+9rc=,What is your favorite movie,A66,60191
67,Andrea,A.,Thomsen,Female,NULL,1936-10-04,NULL,NuexV8w=,What was your childhood nickname,A67,98033
68,Daniel,P.,Thompson,Female,daniel2@imdb.com,NULL,daniel2,jcMXc0w=,What is the name of your favorite childhood friend,A68,98371
70,Scott,A.,Colvin,Female,scott1@imdb.com,1957-01-03,scott1,sA8S2v4=,What is the middle name of your oldest child,A70,80203
71,Elsie,L.,Lewin,Female,elsie0@imdb.com,NULL,elsie0,UUwXzgY=,What is your favorite team,A71,97504
72,Donald,M.,Thompson,Male,NULL,NULL,NULL,ke7sTgo=,What is your favorite movie,A72,77840
74,George,Z.,Li,Male,george3@imdb.com,NULL,george3,4m5UYgM=,What is the name of your favorite childhood friend,A74,48195
76,Phyllis,A.,Thomas,Female,phyllis2@imdb.com,NULL,phyllis2,ycYA+jA=,What is the middle name of your oldest child,A76,85374
77,Pat,NULL,Coleman,Female,NULL,1967-08-05,NULL,7+I+4k4=,What is your favorite team,A77,98072
79,Joseph,M.,Lique,Female,NULL,1937-12-12,NULL,jH5dJh4=,What was your childhood nickname,A79,82001
82,Paulo,H.,Lisboa,Female,paulo0@imdb.com,1937-03-10,paulo0,QXbFwBQ=,What is the middle name of your oldest child,A82,92335
85,Michael,NULL,Graff,Male,michael16@imdb.com,NULL,michael16,ewV5lII=,What was your childhood nickname,A85,97205
87,Gytis,M,Barzdukas,Female,gytis0@imdb.com,NULL,gytis0,lUNnQso=,In what city or town did your mother and father meet,A87,77003
88,Jane,NULL,Clayton,Male,jane1@imdb.com,NULL,jane1,PZCGT2g=,What is the middle name of your oldest child,A88,85233
90,Ted,NULL,Bremer,Female,ted0@imdb.com,NULL,ted0,MxiyX14=,What is your favorite movie,A90,V8V
91,Richard,NULL,Bready,Female,richard1@imdb.com,1939-10-01,richard1,jpRF8lY=,What was your childhood nickname,A91,60120
94,Cornelius,L.,Brandon,Female,cornelius0@imdb.com,NULL,cornelius0,OzSaq2k=,What is the middle name of your oldest child,A94,89408
95,Jill,J.,Christie,Male,jill1@imdb.com,NULL,jill1,2cMmc9Y=,What is your favorite team,A95,92701
96,Walter,J.,Brian,Female,walter0@imdb.com,NULL,walter0,PiILPfc=,What is your favorite movie,A96,90650
97,Carlton,M.,Carlisle,Male,carlton0@imdb.com,NULL,carlton0,fYgdeM0=,What was your childhood nickname,A97,84065
98,Joseph,N.,Castellucio,Male,NULL,NULL,NULL,Whn5BXY=,What is the name of your favorite childhood friend,A98,82001
104,Stacey,M.,Cereghino,Male,stacey0@imdb.com,NULL,stacey0,n+71V7I=,What is the name of your favorite childhood friend,A104,80537
105,Blaine,NULL,Dockter,Female,blaine0@imdb.com,NULL,blaine0,hiSI26I=,In what city or town did your mother and father meet,A105,84101
106,Luis,NULL,Bonifaz,Female,luis0@imdb.com,NULL,luis0,dz8Ej6A=,What is the middle name of your oldest child,A106,92084
107,Brenda,NULL,Diaz,Male,NULL,NULL,NULL,lsd099Q=,What is your favorite team,A107,98052
109,Rudolph,J.,Dillon,Male,rudolph0@imdb.com,NULL,rudolph0,DUDd/5g=,What was your childhood nickname,A109,97005
110,Michael,L.,Bohling,Male,michael12@imdb.com,2009-12-09,michael12,G5ADims=,What is the name of your favorite childhood friend,A110,98031
111,Dick,NULL,Dievendorff,Female,dick1@imdb.com,NULL,dick1,FihOX8w=,In what city or town did your mother and father meet,A111,94596
113,Michael,J.,Lee,Female,michael18@imdb.com,NULL,michael18,vhvGQUE=,What is your favorite team,A113,98004
115,Yao-Qiang,NULL,Cheng,Male,NULL,2010-11-12,NULL,BG6Ps64=,What was your childhood nickname,A115,98031
116,Marjorie,M.,Lee,Female,marjorie0@imdb.com,NULL,marjorie0,ZcFvFFc=,What is the name of your favorite childhood friend,A116,98004
120,Mark,NULL,Lee,Male,NULL,NULL,NULL,s7z2FRc=,What is your favorite movie,A120,98584
121,Sandra,T.,Kitt,Male,sandra2@imdb.com,1936-09-02,sandra2,FccEr0Q=,What was your childhood nickname,A121,92679
123,Jolie,NULL,Lenehan,Female,jolie0@imdb.com,NULL,jolie0,C2IP7to=,In what city or town did your mother and father meet,A123,98055
124,Diane,F.,Krane,Female,NULL,1919-10-08,NULL,6xHx1mQ=,What is the middle name of your oldest child,A124,91706
125,Payton,P.,Benson,Female,payton0@imdb.com,NULL,payton0,TYGH50Q=,What is your favorite team,A125,98371
128,Edna,J.,Benson,Female,edna0@imdb.com,NULL,edna0,Jx6w2tk=,What is the name of your favorite childhood friend,A128,98671
129,A.,Francesca,Leonetti,Female,a0@imdb.com,1987-09-07,a0,6UypM3o=,In what city or town did your mother and father meet,A129,98403
130,Jean,NULL,Jordan,Female,jean3@imdb.com,NULL,jean3,RqNfsHY=,What is the middle name of your oldest child,A130,98371
131,Ido,NULL,Ben-Sachar,Female,NULL,NULL,NULL,TLqFgK0=,What is your favorite team,A131,53202
133,Steve,NULL,Masters,Male,steve2@imdb.com,NULL,steve2,WWk6sxA=,What was your childhood nickname,A133,93010
134,Robert,E.,Jones,Female,robert6@imdb.com,NULL,robert6,c0oPTcw=,What is the name of your favorite childhood friend,A134,48071
136,Jennifer,J.,Maxham,Female,jennifer1@imdb.com,NULL,jennifer1,M6OjY4Y=,What is the middle name of your oldest child,A136,98926
137,Chris,NULL,Maxwell,Male,chris6@imdb.com,NULL,chris6,k3iiros=,What is your favorite team,A137,90401
138,David,NULL,Johnson,Male,NULL,NULL,NULL,0fgKxF4=,What is your favorite movie,A138,99202
139,Brian,NULL,Johnson,Male,brian6@imdb.com,1994-02-08,brian6,2t9hMlk=,What was your childhood nickname,A139,60610
140,Robert,NULL,Brown,Female,robert5@imdb.com,NULL,robert5,mQK+bIw=,What is the name of your favorite childhood friend,A140,98104
141,Sandra,B.,Maynard,Female,sandra4@imdb.com,NULL,sandra4,CqQEYuw=,In what city or town did your mother and father meet,A141,60188
143,Joyce,NULL,Jarvis,Male,joyce0@imdb.com,1953-04-02,joyce0,XdEyqf4=,What is your favorite team,A143,91016
145,Robin,M.,McGuigan,Female,robin0@imdb.com,NULL,robin0,OtAJEtc=,What was your childhood nickname,A145,57716
146,Danielle,B.,Johnson,Female,danielle1@imdb.com,NULL,danielle1,W1IKTDo=,What is the name of your favorite childhood friend,A146,92625
147,David,NULL,Jaffe,Male,NULL,NULL,NULL,AnSCCJw=,In what city or town did your mother and father meet,A147,99202
149,Lola,M.,McCarthy,Female,lola0@imdb.com,NULL,lola0,ojfzrl4=,What is your favorite team,A149,61265
150,Mary,K.,Browning,Male,mary5@imdb.com,NULL,mary5,dt/JUB4=,What is your favorite movie,A150,84401
152,Jane,A.,McCarty,Female,NULL,1983-09-04,NULL,cpPYnNE=,What is the name of your favorite childhood friend,A152,48375
153,Jessie,E.,Valerio,Female,jessie0@imdb.com,1976-08-01,jessie0,mgl/qso=,In what city or town did your mother and father meet,A153,87501
155,Bronson,R.,Jacobs,Male,bronson0@imdb.com,NULL,bronson0,rLOroU0=,What is your favorite team,A155,83864
156,James,L.,McCoy,Male,james12@imdb.com,NULL,james12,r9owTtw=,What is your favorite movie,A156,94536
157,Esther,K.,Valle,Male,NULL,NULL,NULL,HQA1TJE=,What was your childhood nickname,A157,77520
158,Denean,J.,Ison,Female,denean0@imdb.com,NULL,denean0,mZ4Tbi0=,What is the name of your favorite childhood friend,A158,98201
159,Erik,NULL,Ismert,Male,NULL,NULL,NULL,xAk6xGo=,In what city or town did your mother and father meet,A159,98055
160,Robert,M.,Bernacchi,Male,robert4@imdb.com,NULL,robert4,G5Du9Sw=,What is the middle name of your oldest child,A160,98371
161,Sunil,NULL,Uppal,Male,sunil0@imdb.com,1932-04-04,sunil0,Yqlwc+g=,What is your favorite team,A161,87124
163,Matthias,NULL,Berndt,Female,matthias1@imdb.com,NULL,matthias1,6Mzfp8w=,What was your childhood nickname,A163,78040
164,Sairaj,NULL,Uddin,Male,sairaj1@imdb.com,2009-09-12,sairaj1,iKVyEt4=,What is the name of your favorite childhood friend,A164,76102
167,Timothy,B.,Burnett,Female,timothy0@imdb.com,1935-03-03,timothy0,e8KtQ70=,What is your favorite team,A167,84101
168,Phyllis,B.,Tuffield,Male,phyllis3@imdb.com,1967-02-10,phyllis3,MLAW5PQ=,What is your favorite movie,A168,95202
171,Henry,L.,Campen,Male,henry0@imdb.com,1968-06-12,henry0,2NEGr8A=,In what city or town did your mother and father meet,A171,91941
172,Christie,J.,Trujillo,Female,christie0@imdb.com,1978-05-08,christie0,/tv9aHA=,What is the middle name of your oldest child,A172,80501
173,Janet,J.,Gilliat,Female,NULL,NULL,NULL,k1FFTeE=,What is your favorite team,A173,97601
174,Chris,NULL,Cannon,Male,chris5@imdb.com,NULL,chris5,LQWSses=,What is your favorite movie,A174,80030
175,Michael John,R.,Troyer,Female,michaeljohn0@imdb.com,NULL,michaeljohn0,HUE+JKI=,What was your childhood nickname,A175,84720
176,Guy,NULL,Gilbert,Female,guy0@imdb.com,NULL,guy0,rQoQs38=,What is the name of your favorite childhood friend,A176,97222
178,Suzana De Abreu,A.,Canuto,Female,NULL,1914-10-08,NULL,RpQyjlA=,What is the middle name of your oldest child,A178,75074
179,Billy,J.,Trent,Male,billy0@imdb.com,1974-02-02,billy0,V1n+9SQ=,What is your favorite team,A179,91411
180,Leo,NULL,Giakoumakis,Female,leo0@imdb.com,1918-08-04,leo0,abrUsFg=,What is your favorite movie,A180,G1R
182,Robert,L.,Barker,Male,NULL,NULL,NULL,cdUS/K4=,What is the name of your favorite childhood friend,A182,95610
184,Scott,NULL,Culp,Female,scott3@imdb.com,NULL,scott3,rXx8clQ=,What is the middle name of your oldest child,A184,94566
186,Michael,Greg,Blythe,Female,michael11@imdb.com,1935-12-03,michael11,8L4g3I4=,What is your favorite movie,A186,7L
190,Robert,NULL,Mitosinka,Male,robert10@imdb.com,NULL,robert10,mQH+E8w=,What is the middle name of your oldest child,A190,94583
191,Thierry,NULL,D'Hers,Male,thierry1@imdb.com,1984-04-03,thierry1,FooiQMs=,What is your favorite team,A191,94015
193,Linda,NULL,Mitchell,Female,linda9@imdb.com,1931-04-07,linda9,hrRF3s4=,What was your childhood nickname,A193,65101
194,Stephen,M.,Ayers,Male,stephen1@imdb.com,1932-10-04,stephen1,F0hRcQ8=,What is the name of your favorite childhood friend,A194,94541
196,Megan,N.,Davis,Female,megan1@imdb.com,NULL,megan1,BNNUWH4=,What is the middle name of your oldest child,A196,60610
197,John,NULL,Arthur,Male,NULL,NULL,NULL,ZXH0EUg=,What is your favorite team,A197,89502
199,Alvaro,NULL,De Matos Miranda Filho,Female,alvaro0@imdb.com,1919-07-10,alvaro0,v5pJpw0=,What was your childhood nickname,A199,60610
201,Dylan,NULL,Miller,Female,dylan1@imdb.com,NULL,dylan1,q1lJvKo=,In what city or town did your mother and father meet,A201,95112
205,Matthew,J.,Miller,Male,matthew5@imdb.com,1997-08-08,matthew5,eiCRDs8=,What was your childhood nickname,A205,59101
207,Virginia,L.,Miller,Female,virginia0@imdb.com,1942-04-11,virginia0,GNkVrfA=,In what city or town did your mother and father meet,A207,78204
208,Scott,NULL,Gode,Male,scott4@imdb.com,NULL,scott4,3CEircg=,What is the middle name of your oldest child,A208,8Y
209,Caroline,A.,Vicknair,Female,caroline0@imdb.com,NULL,caroline0,QhHP+y8=,What is your favorite team,A209,85701
211,Andreas,NULL,Berglund,Female,andreas1@imdb.com,1982-08-03,andreas1,9ak86/4=,What was your childhood nickname,A211,63103
213,Wanda,F.,Vernon,Female,wanda0@imdb.com,1927-02-10,wanda0,HDCU1Bk=,In what city or town did your mother and father meet,A213,98055
217,Raja,D.,Venugopal,Male,raja0@imdb.com,1955-09-12,raja0,hSwmBWk=,What was your childhood nickname,A217,89106
218,Patricia,M.,Vasquez,Male,patricia2@imdb.com,NULL,patricia2,WTZFkow=,What is the name of your favorite childhood friend,A218,94560
220,Abigail,J.,Gonzalez,Female,abigail0@imdb.com,NULL,abigail0,kAdG4pM=,What is the middle name of your oldest child,A220,48640
221,Ranjit,Rudra,Varkey Chudukatil,Male,ranjit1@imdb.com,1918-11-03,ranjit1,FNe76Vk=,What is your favorite team,A221,48185
222,Ingrid,K.,Burkhardt,Male,ingrid0@imdb.com,1961-04-06,ingrid0,6QL/f9s=,What is your favorite movie,A222,95354
224,Gary,T,Vargas,Female,gary6@imdb.com,NULL,gary6,Zkv5OCw=,What is the name of your favorite childhood friend,A224,63103
225,Shane,S.,Kim,Female,shane2@imdb.com,1910-08-06,shane2,4YXPsTU=,In what city or town did your mother and father meet,A225,R3
230,Karan,NULL,Khanna,Male,karan1@imdb.com,NULL,karan1,jZhDom8=,What is the name of your favorite childhood friend,A230,63074
232,Chris,NULL,Ashton,Female,chris3@imdb.com,NULL,chris3,3VRtZxg=,What is the middle name of your oldest child,A232,97015
234,Jack,NULL,Creasey,Male,NULL,NULL,NULL,7wlaV4Y=,What is your favorite movie,A234,97223
235,Teresa,NULL,Atkinson,Female,teresa0@imdb.com,1953-08-06,teresa0,bwG1Wck=,What was your childhood nickname,A235,93291
236,Tammy,J.,Khan,Female,tammy0@imdb.com,NULL,tammy0,3D0YsUM=,What is the name of your favorite childhood friend,A236,98201
237,Elizabeth,NULL,Keyser,Male,elizabeth2@imdb.com,NULL,elizabeth2,/P0XMaQ=,In what city or town did your mother and father meet,A237,90201
238,Bruno,NULL,Costa Da Silva,Male,bruno0@imdb.com,NULL,bruno0,MY+7QbE=,What is the middle name of your oldest child,A238,78204
240,Mary,R.,Kesslep,Female,mary8@imdb.com,1943-10-09,mary8,J1cVbE8=,What is your favorite movie,A240,55436
241,Marlin,M.,Coriell,Female,marlin0@imdb.com,1964-01-02,marlin0,FSkdXTM=,What was your childhood nickname,A241,98225
242,Kevin,NULL,Kennedy,Female,NULL,1992-05-08,NULL,B+59kWs=,What is the name of your favorite childhood friend,A242,N2V
243,Eva,NULL,Corets,Female,eva0@imdb.com,NULL,eva0,gF7bPbY=,In what city or town did your mother and father meet,A243,95624
244,Julie,NULL,Taft-Rider,Male,julie1@imdb.com,NULL,julie1,6ZebGOE=,What is the middle name of your oldest child,A244,99337
245,Robert,NULL,Kelly,Male,robert7@imdb.com,NULL,robert7,OLqP9tg=,What is your favorite team,A245,98027
246,Scott,NULL,Cooper,Female,scott2@imdb.com,NULL,scott2,+v0uddA=,What is your favorite movie,A246,98382
247,Clarence,R.,Tatman,Female,clarence0@imdb.com,NULL,clarence0,kCUx/bc=,What was your childhood nickname,A247,98104
248,John,NULL,Kelly,Female,john22@imdb.com,NULL,john22,a2bt7rI=,What is the name of your favorite childhood friend,A248,94109
250,Dorothy,J.,Contreras,Female,dorothy0@imdb.com,NULL,dorothy0,lnEeim8=,What is the middle name of your oldest child,A250,85004
251,Mike,M.,Taylor,Male,mike6@imdb.com,NULL,mike6,abgBRtE=,What is your favorite team,A251,85257
252,Bonnie,NULL,Kearney,Female,bonnie1@imdb.com,NULL,bonnie1,SNjG3l0=,What is your favorite movie,A252,78204
253,June,B.,Brunner,Male,june0@imdb.com,NULL,Jun-00,hY2Xf6o=,What was your childhood nickname,A253,80030
254,Sandeep,NULL,Katyal,Female,sandeep2@imdb.com,NULL,sandeep2,7xO2UQE=,What is the name of your favorite childhood friend,A254,98055
255,Shirley,R.,Bruner,Female,shirley0@imdb.com,NULL,shirley0,Jmtgb40=,In what city or town did your mother and father meet,A255,98632
256,Chad,J.,Tedford,Female,chad1@imdb.com,NULL,chad1,+apUSQU=,What is the middle name of your oldest child,A256,78701
257,Peter,NULL,Houston,Female,NULL,NULL,NULL,Q5WaAeA=,What is your favorite team,A257,84010
258,Tom,H,Johnston,Male,tom1@imdb.com,NULL,tom1,0lp7vWg=,What is your favorite movie,A258,80138
259,Marian,M.,Berch,Female,marian0@imdb.com,NULL,marian0,5qLSJhI=,What was your childhood nickname,A259,49464
260,Juanita,J.,Holman,Male,juanita0@imdb.com,NULL,juanita0,RvrCF5g=,What is the name of your favorite childhood friend,A260,85225
261,Eddie,M.,Holmes,Male,eddie0@imdb.com,NULL,eddie0,S111y4k=,In what city or town did your mother and father meet,A261,98011
262,Robert,A.,Avalos,Female,NULL,NULL,NULL,3lDpoDs=,What is the middle name of your oldest child,A262,75061
263,Alexander,J.,Berger,Male,alexander0@imdb.com,NULL,alexander0,ns1gQU4=,What is your favorite team,A263,89431
264,Jean,J.,Holloway,Female,jean2@imdb.com,1935-05-06,jean2,v8LsuAE=,What is your favorite movie,A264,75201
265,Greg,NULL,Chapman,Female,greg1@imdb.com,NULL,greg1,Ze2j4rQ=,What was your childhood nickname,A265,85004
268,Lee,J.,Chapla,Female,lee0@imdb.com,NULL,lee0,af0s25U=,What is the middle name of your oldest child,A268,97477
269,Darrell,M.,Banks,Male,darrell0@imdb.com,NULL,darrell0,p9JC+Qs=,What is your favorite team,A269,76541
270,Anthony,NULL,Chor,Male,anthony0@imdb.com,1903-03-09,anthony0,tAAs8Fk=,What is your favorite movie,A270,80110
274,Dirk,J.,Bruno,Male,dirk0@imdb.com,1933-01-11,dirk0,DblcZuo=,What is the middle name of your oldest child,A274,95354
275,Gustavo,NULL,Camargo,Female,gustavo1@imdb.com,NULL,gustavo1,fS7eEaQ=,What is your favorite team,A275,7L
277,Lindsey,R.,Camacho,Female,lindsey0@imdb.com,1902-04-02,lindsey0,bhH3VWU=,What was your childhood nickname,A277,55402
280,Barbara,J.,Calone,Female,barbara2@imdb.com,1937-03-03,barbara2,8iuXJ0k=,What is the middle name of your oldest child,A280,90746
282,Cory,K.,Booth,Female,cory0@imdb.com,NULL,cory0,XaJdIYM=,What is your favorite movie,A282,77003
283,Shannon,P.,Elliott,Female,shannon0@imdb.com,NULL,shannon0,2HvuG3I=,What was your childhood nickname,A283,93955
284,Jauna,E.,Elson,Male,NULL,NULL,NULL,bsrg3KE=,What is the name of your favorite childhood friend,A284,98626
285,Janaina Barreiro Gambaro,NULL,Bueno,Female,janainabarreirogambaro0@imdb.com,NULL,janainabarreirogambaro0,aNoO9K0=,In what city or town did your mother and father meet,A285,93010
288,John,NULL,Emory,Male,john16@imdb.com,NULL,john16,/4/gh8A=,What is your favorite movie,A288,94404
289,Olga,J.,Trau,Female,olga0@imdb.com,NULL,olga0,4blcnbQ=,What was your childhood nickname,A289,48342
290,Jon,NULL,Ganio,Male,jon0@imdb.com,NULL,jon0,+Yo0P+0=,What is the name of your favorite childhood friend,A290,90505
291,Gail,NULL,Erickson,Female,gail1@imdb.com,NULL,gail1,qUowBt4=,In what city or town did your mother and father meet,A291,84074
292,James,R.,Tran,Female,james15@imdb.com,NULL,james15,X1REDgI=,What is the middle name of your oldest child,A292,97123
294,Mark,B,Erickson,Female,mark2@imdb.com,NULL,mark2,zYqZHNo=,What is your favorite movie,A294,98011
295,Martha,R.,Espinoza,Female,martha0@imdb.com,NULL,martha0,ZFXGiMU=,What was your childhood nickname,A295,97060
296,Glenn,J.,Track,Female,glenn0@imdb.com,NULL,glenn0,Vuzh1IE=,What is the name of your favorite childhood friend,A296,53182
297,Bob,NULL,Gage,Female,bob1@imdb.com,NULL,bob1,hZbeVTs=,In what city or town did your mother and father meet,A297,77338
300,Twanna,R.,Evans,Female,twanna0@imdb.com,NULL,twanna0,5hdHSeE=,What is your favorite movie,A300,88001
302,John,NULL,Ford,Female,john19@imdb.com,1919-02-01,john19,MFN+Ar8=,What is the name of your favorite childhood friend,A302,95603
303,Ann,R.,Evans,Male,ann1@imdb.com,NULL,ann1,r8MY8Co=,In what city or town did your mother and father meet,A303,48034
304,Kay,E.,Krane,Male,kay0@imdb.com,NULL,kay0,hvfA+Y0=,What is the middle name of your oldest child,A304,L4N
306,John,NULL,Evans,Female,john17@imdb.com,NULL,john17,Pz84Lbs=,What is your favorite movie,A306,48601
307,Ruby Sue,R.,Styles,Female,rubysue0@imdb.com,NULL,rubysue0,H8DZOb4=,What was your childhood nickname,A307,85225
308,Lori,NULL,Kane,Female,lori2@imdb.com,1913-07-09,lori2,s0Fgpmc=,What is the name of your favorite childhood friend,A308,48601
309,Susan,E.,French,Male,susan3@imdb.com,1969-08-02,susan3,MO+/tX0=,In what city or town did your mother and father meet,A309,75201
312,Margaret,J.,Smith,Female,margaret0@imdb.com,NULL,margaret0,i2U3DxA=,What is your favorite movie,A312,94587
313,Dorothy,J.,Fox,Male,dorothy1@imdb.com,NULL,dorothy1,GQqIg64=,What was your childhood nickname,A313,55802
314,Elizabeth,J.,Sullivan,Male,elizabeth4@imdb.com,1939-12-03,elizabeth4,t31Ri34=,What is the name of your favorite childhood friend,A314,G1W
315,Frances,B.,Adams,Male,NULL,1905-04-10,NULL,jA7oD80=,In what city or town did your mother and father meet,A315,85004
317,Michael,NULL,Sullivan,Female,michael24@imdb.com,1950-11-03,michael24,ic4F61g=,What is your favorite team,A317,95501
318,Marcia,J.,Sultan,Female,marcia0@imdb.com,1914-05-02,marcia0,eFbn7kk=,What is your favorite movie,A318,89106
319,Amy,E.,Alberts,Male,amy1@imdb.com,NULL,amy1,yvdbcxM=,What was your childhood nickname,A319,98052
320,Kelly,NULL,Focht,Male,NULL,1974-05-02,NULL,E7joL4U=,What is the name of your favorite childhood friend,A320,64106
327,Robert,E.,Ahlering,Male,robert1@imdb.com,NULL,robert1,r/UyVHY=,In what city or town did your mother and father meet,A327,80631
328,Jimmy,NULL,Bischoff,Female,jimmy1@imdb.com,1920-10-01,jimmy1,BJUetfg=,What is the middle name of your oldest child,A328,93010
329,Abraham,L.,Swearengin,Female,abraham0@imdb.com,NULL,abraham0,D5ohtJ8=,What is your favorite team,A329,54455
330,Ryan,NULL,Calafato,Female,ryan1@imdb.com,1909-08-12,ryan1,DBuWFZ4=,What is your favorite movie,A330,55402
331,Dragan,NULL,Tomic,Male,dragan1@imdb.com,NULL,dragan1,3KzW2g8=,What was your childhood nickname,A331,90245
332,Thomas,R.,Michaels,Male,thomas2@imdb.com,1986-07-01,thomas2,aOFmjMY=,What is the name of your favorite childhood friend,A332,90245
333,Mari,B.,Caldwell,Female,mari0@imdb.com,NULL,mari0,x8xILbE=,In what city or town did your mother and father meet,A333,75040
334,Mary,M.,Gimmi,Female,mary6@imdb.com,1956-06-01,mary6,S640434=,What is the middle name of your oldest child,A334,G1T
335,David,L.,Givens,Male,NULL,NULL,NULL,gTOrXjM=,What is your favorite team,A335,89106
336,Diane,NULL,Tibbott,Male,diane5@imdb.com,NULL,diane5,br8PN50=,What is your favorite movie,A336,82601
339,Diane,R.,Glimp,Male,diane3@imdb.com,NULL,diane3,s9kzXNA=,In what city or town did your mother and father meet,A339,92025
340,Yuping,NULL,Tian,Male,NULL,NULL,NULL,30pSFOQ=,What is the middle name of your oldest child,A340,92311
341,Stephen,A.,Mew,Male,stephen4@imdb.com,NULL,stephen4,xdzdXEw=,What is your favorite team,A341,65616
342,John,R.,Brooks,Male,john12@imdb.com,1958-11-07,john12,C4OiUF4=,What is your favorite movie,A342,85201
343,Willie,P.,Brooks,Female,willie0@imdb.com,1981-12-10,willie0,dS1y3X0=,What was your childhood nickname,A343,85701
344,Andrew,P.,Kobylinski,Male,andrew5@imdb.com,NULL,andrew5,GAfxRv4=,What is the name of your favorite childhood friend,A344,78204
345,R. Morgan,L.,Mendoza,Female,rmorgan0@imdb.com,2007-10-03,rmorgan0,K0sYx+Y=,In what city or town did your mother and father meet,A345,77478
346,Jay,NULL,Adams,Female,jay1@imdb.com,NULL,jay1,117fxZM=,What is the middle name of your oldest child,A346,77477
347,Christian,NULL,Kleinerman,Male,christian1@imdb.com,NULL,christian1,7uZHIds=,What is your favorite team,A347,90232
348,Anton,NULL,Kirilov,Male,anton0@imdb.com,1959-03-01,anton0,0sZGs8c=,What is your favorite movie,A348,82001
352,Tim,NULL,Kim,Female,tim0@imdb.com,1999-12-02,tim0,W9zzlRs=,What is the middle name of your oldest child,A352,97205
353,Nancy,A.,McPhearson,Male,nancy3@imdb.com,NULL,nancy3,qcerumU=,What is your favorite team,A353,98045
354,Nkenge,NULL,McLin,Female,nkenge0@imdb.com,1909-10-01,nkenge0,NNRxDmg=,What is your favorite movie,A354,93230
355,Paul,L.,Alcorn,Female,paul2@imdb.com,1958-10-03,paul2,IZ5yIjI=,What was your childhood nickname,A355,97321
356,Marvin,N.,Allen,Male,NULL,1967-02-06,NULL,7wNTdi8=,What is the name of your favorite childhood friend,A356,59401
357,Yvonne,NULL,McKay,Male,yvonne1@imdb.com,NULL,yvonne1,pXNy1Eg=,In what city or town did your mother and father meet,A357,55125
358,Sean,P.,Jacobson,Male,sean2@imdb.com,1982-07-08,sean2,jKAQI7c=,What is the middle name of your oldest child,A358,49423
359,Michelle,NULL,Alexander,Female,michelle0@imdb.com,1911-08-11,michelle0,M5BkDDQ=,What is your favorite team,A359,98272
360,Richard,M.,Bentley,Male,richard0@imdb.com,1962-05-01,richard0,s71j+uU=,What is your favorite movie,A360,91764
362,Cecil,J.,Allison,Male,cecil0@imdb.com,2002-08-07,cecil0,KUNCNjU=,What is the name of your favorite childhood friend,A362,53038
363,Gregory,F.,Alderson,Female,gregory0@imdb.com,1938-07-12,gregory0,IlDduMc=,In what city or town did your mother and father meet,A363,64076
364,Janice,K.,Hows,Male,janice1@imdb.com,1984-11-09,janice1,Qtn1h+4=,What is the middle name of your oldest child,A364,48843
366,Carolyn,NULL,Farino,Female,carolyn0@imdb.com,2003-04-07,carolyn0,qwoGYjU=,What is your favorite movie,A366,92530
367,Kim,NULL,Abercrombie,Male,kim2@imdb.com,NULL,kim2,rrgbG/U=,What was your childhood nickname,A367,78613
368,Joshua,J.,Huff,Male,joshua0@imdb.com,1936-11-11,joshua0,HQlRLlk=,What is the name of your favorite childhood friend,A368,90712
369,Geri,P.,Farrell,Female,geri0@imdb.com,1921-12-06,geri0,anxKyOc=,In what city or town did your mother and father meet,A369,97301
370,Catherine,R.,Abel,Female,NULL,1945-06-12,NULL,rpyd5Tw=,What is the middle name of your oldest child,A370,98532
371,Laura,C.,Steele,Male,laura3@imdb.com,1910-12-12,laura3,ckT+1XU=,What is your favorite team,A371,83501
372,Shanay,B.,Steelman,Female,shanay0@imdb.com,NULL,shanay0,VQqvrDo=,What is your favorite movie,A372,76010
373,Rhoda,J.,Finley,Male,rhoda0@imdb.com,1937-06-01,rhoda0,83MFiok=,What was your childhood nickname,A373,77568
374,Pat,A.,Chambers,Male,pat1@imdb.com,NULL,pat1,bvb6hus=,What is the name of your favorite childhood friend,A374,92867
375,Stefano,NULL,Stefani,Female,stefano0@imdb.com,1900-11-11,stefano0,XSHxez4=,In what city or town did your mother and father meet,A375,78204
376,Alan,NULL,Steiner,Female,alan4@imdb.com,NULL,alan4,FDIch68=,What is the middle name of your oldest child,A376,97504
377,Kathie,NULL,Flood,Female,NULL,NULL,NULL,WGizZm8=,What is your favorite team,A377,55049
378,Bob,NULL,Hodges,Male,bob2@imdb.com,1910-06-12,bob2,FebyYno=,What is your favorite movie,A378,91786
379,Derik,NULL,Stenerson,Male,derik0@imdb.com,1974-05-01,derik0,0rK3P2k=,What was your childhood nickname,A379,95814
381,Holly,J.,Holt,Male,holly1@imdb.com,NULL,holly1,wmfLAOE=,In what city or town did your mother and father meet,A381,G1R
382,Vassar,J.,Stern,Female,vassar0@imdb.com,NULL,vassar0,hLswDiQ=,What is the middle name of your oldest child,A382,T5
384,Matthew,J.,Cavallari,Female,matthew1@imdb.com,NULL,matthew1,beKST+I=,What is your favorite movie,A384,98225
385,Helge,NULL,Hoeing,Male,helge0@imdb.com,2009-12-08,helge0,yvAO+sY=,What was your childhood nickname,A385,60610
386,Alice,M.,Steiner,Male,alice4@imdb.com,1952-01-05,alice4,4QdzKJI=,What is the name of your favorite childhood friend,A386,99202
387,Steven,B.,Brown,Female,steven1@imdb.com,NULL,steven1,Hp2yS7E=,In what city or town did your mother and father meet,A387,92084
388,David,NULL,Hodgson,Female,david16@imdb.com,1955-08-02,david16,AwqZdYk=,What is the middle name of your oldest child,A388,90650
389,Liza Marie,N.,Stevens,Male,NULL,2008-11-07,NULL,QvunVRs=,What is your favorite team,A389,95688
390,Jim,NULL,Stewart,Male,jim5@imdb.com,NULL,jim5,awRBGoA=,What is your favorite movie,A390,77003
391,Arlene,NULL,Huff,Male,NULL,NULL,NULL,SC/mXZQ=,What was your childhood nickname,A391,78664
392,Matthew,M.,Hunter,Female,matthew4@imdb.com,NULL,matthew4,fJ1qzBg=,What is the name of your favorite childhood friend,A392,91764
393,Matthew,NULL,Hink,Male,matthew3@imdb.com,NULL,matthew3,hDyaJt4=,In what city or town did your mother and father meet,A393,93030
394,Robert,B.,Stotka,Male,robert12@imdb.com,1924-01-04,robert12,M0RBO9w=,What is the middle name of your oldest child,A394,R3
395,Phyllis,R.,Huntsman,Male,phyllis1@imdb.com,2005-02-08,phyllis1,gJeczkk=,What is your favorite team,A395,75201
396,Mike,NULL,Hines,Female,NULL,1961-04-09,NULL,wt1HllQ=,What is your favorite movie,A396,95020
399,Ryan,NULL,Ihrig,Female,ryan4@imdb.com,NULL,ryan4,HGudpUM=,In what city or town did your mother and father meet,A399,92020
400,Andrew,R.,Hill,Female,andrew4@imdb.com,1961-06-02,andrew4,m9GHYGc=,What is the middle name of your oldest child,A400,92373
402,Roger,NULL,Van Houten,Male,roger2@imdb.com,NULL,roger2,WnTAc/0=,What is your favorite movie,A402,92701
403,Robert,NULL,Lyon,Male,robert9@imdb.com,NULL,robert9,0JS3VLg=,What was your childhood nickname,A403,75201
404,Rose,M.,Vandenouer,Male,rose1@imdb.com,NULL,rose1,tRFzZLs=,What is the name of your favorite childhood friend,A404,75201
406,Gregory,T.,Vanderbout,Female,gregory1@imdb.com,NULL,gregory1,FAw6ojc=,What is the middle name of your oldest child,A406,48060
407,Ronald,K.,Heymsfield,Female,NULL,NULL,NULL,DmNlCmQ=,What is your favorite team,A407,85004
408,Scott,NULL,MacDonald,Female,scott7@imdb.com,NULL,scott7,LqtoWXs=,What is your favorite movie,A408,92831
409,Michael,NULL,Vanderhyde,Female,michael25@imdb.com,NULL,michael25,uXetzTc=,What was your childhood nickname,A409,48239
410,Cheryl,M.,Herring,Female,cheryl0@imdb.com,NULL,cheryl0,256h+G0=,What is the name of your favorite childhood friend,A410,60706
411,Walter,J.,Mays,Male,walter1@imdb.com,1942-07-01,walter1,IZ6tF0Y=,In what city or town did your mother and father meet,A411,91403
412,Margaret,J.,Vanderkamp,Female,margaret2@imdb.com,NULL,margaret2,osDZuYo=,What is the middle name of your oldest child,A412,80537
413,Kara,N.,Vanderlinden,Female,kara0@imdb.com,NULL,kara0,kc4E3DA=,What is your favorite team,A413,98503
414,Jésus,NULL,Hernandez,Male,jésus0@imdb.com,1991-12-11,jésus0,Y/Ty5LA=,What is your favorite movie,A414,92173
415,Irene,J.,Hernandez,Female,irene0@imdb.com,NULL,irene0,uJ5Exxo=,What was your childhood nickname,A415,78664
417,Nieves,J.,Vargas,Male,nieves0@imdb.com,NULL,nieves0,/PSiwRg=,In what city or town did your mother and father meet,A417,93065
418,Kari,NULL,Hensien,Female,kari0@imdb.com,1995-11-04,kari0,niDlQYk=,What is the middle name of your oldest child,A418,59801
419,Tomas,M.,Manzanares,Female,tomas0@imdb.com,NULL,tomas0,blIz9rk=,What is your favorite team,A419,76645
420,Kathy,R.,Marcovecchio,Female,kathy0@imdb.com,NULL,kathy0,LH8E+mM=,What is your favorite movie,A420,84098
421,Patricia,NULL,Doyle,Male,patricia0@imdb.com,NULL,patricia0,ZeNva8s=,What was your childhood nickname,A421,61953
422,Valerie,M.,Hendricks,Male,valerie0@imdb.com,1919-05-03,valerie0,1lkXMps=,What is the name of your favorite childhood friend,A422,63103
424,Gerald,M.,Drury,Male,gerald0@imdb.com,NULL,gerald0,ClRPyyM=,What is the middle name of your oldest child,A424,95112
425,John,NULL,Hanson,Male,NULL,1976-08-06,NULL,zNDLlSI=,What is your favorite team,A425,90241
427,Cecelia,L.,Marshall,Male,cecelia0@imdb.com,NULL,cecelia0,1sXsDEE=,What was your childhood nickname,A427,N2V
432,Sandra,I.,Martinez,Male,sandra3@imdb.com,NULL,sandra3,Em3q8s4=,What is your favorite movie,A432,55056
433,Bev,L.,Desalvo,Female,bev0@imdb.com,1998-05-08,bev0,5dgYmOY=,What was your childhood nickname,A433,90040
434,Bart,NULL,Duncan,Male,bart0@imdb.com,NULL,bart0,MPxWTOU=,What is the name of your favorite childhood friend,A434,90605
435,Ann,T.,Hass,Female,NULL,NULL,NULL,M7xYGr4=,In what city or town did your mother and father meet,A435,98626
436,Rob,NULL,Caron,Female,rob2@imdb.com,1978-03-07,rob2,v43cndI=,What is the middle name of your oldest child,A436,91303
437,Maciej,NULL,Dusza,Female,maciej1@imdb.com,2010-09-07,maciej1,pDYvCjw=,What is your favorite team,A437,75149
439,Andy,NULL,Carothers,Male,andy1@imdb.com,NULL,andy1,DZ8e0Xk=,What was your childhood nickname,A439,92102
440,Linda,R.,Ecoffey,Male,NULL,NULL,NULL,Q5U1IZU=,What is the name of your favorite childhood friend,A440,98903
441,Catherine,R.,Abel,Male,NULL,NULL,NULL,rpyd5Tw=,In what city or town did your mother and father meet,A441,91901
442,Kim,NULL,Abercrombie,Male,kim2@imdb.com,2007-10-06,kim2,rrgbG/U=,What is the middle name of your oldest child,A442,91801
444,Margaret,J.,Smith,Male,margaret0@imdb.com,NULL,margaret0,i2U3DxA=,What is your favorite movie,A444,64106
446,Samuel,N.,Agcaoili,Female,samuel0@imdb.com,2001-01-06,samuel0,uFYBREA=,What is the name of your favorite childhood friend,A446,97205
447,Robert,E.,Ahlering,Female,robert1@imdb.com,NULL,robert1,r/UyVHY=,In what city or town did your mother and father meet,A447,92614
449,Amy,E.,Alberts,Male,NULL,1990-01-05,NULL,yvdbcxM=,What is your favorite team,A449,82901
451,Gregory,F.,Alderson,Female,gregory0@imdb.com,1955-05-11,gregory0,IlDduMc=,What was your childhood nickname,A451,60433
452,Michelle,NULL,Alexander,Male,michelle0@imdb.com,NULL,michelle0,M5BkDDQ=,What is the name of your favorite childhood friend,A452,93030
453,Sean,P.,Jacobson,Male,NULL,NULL,NULL,jKAQI7c=,In what city or town did your mother and father meet,A453,61606
454,Marvin,N.,Allen,Female,marvin0@imdb.com,1933-05-03,marvin0,7wNTdi8=,What is the middle name of your oldest child,A454,75061
455,Cecil,J.,Allison,Female,cecil0@imdb.com,NULL,cecil0,KUNCNjU=,What is your favorite team,A455,98011
456,Oscar,L.,Alpuerto,Female,oscar0@imdb.com,2006-09-10,oscar0,CGYtmQ4=,What is your favorite movie,A456,98366
457,Maxwell,J.,Amland,Female,maxwell0@imdb.com,NULL,maxwell0,qoGU2YA=,What was your childhood nickname,A457,78701
458,Ramona,J.,Antrim,Male,ramona0@imdb.com,NULL,ramona0,7xa5oqo=,What is the name of your favorite childhood friend,A458,80203
460,Thomas,B.,Armstrong,Male,thomas1@imdb.com,NULL,thomas1,hXYQBis=,What is the middle name of your oldest child,A460,75040
461,John,NULL,Arthur,Female,john6@imdb.com,NULL,john6,ZXH0EUg=,What is your favorite team,A461,98003
462,Chris,NULL,Ashton,Female,chris3@imdb.com,1984-03-09,chris3,3VRtZxg=,What is your favorite movie,A462,98104
463,Teresa,NULL,Atkinson,Female,teresa0@imdb.com,1935-11-04,teresa0,bwG1Wck=,What was your childhood nickname,A463,97321
464,Robert,A.,Avalos,Male,NULL,1924-05-01,NULL,3lDpoDs=,What is the name of your favorite childhood friend,A464,92102
465,Stephen,M.,Ayers,Female,stephen1@imdb.com,2005-04-05,stephen1,F0hRcQ8=,In what city or town did your mother and father meet,A465,83402
467,Cory,K.,Booth,Female,cory0@imdb.com,NULL,cory0,XaJdIYM=,What is your favorite team,A467,89030
468,James,B.,Bailey,Male,james3@imdb.com,1960-11-05,james3,4TnK5Fo=,What is your favorite movie,A468,60433
469,Douglas,A.,Baldwin,Female,douglas1@imdb.com,NULL,douglas1,TmbNGeI=,What was your childhood nickname,A469,93030
470,Wayne,N.,Banack,Female,wayne0@imdb.com,1991-05-12,wayne0,mv8CSkM=,What is the name of your favorite childhood friend,A470,61606
471,Robert,L.,Barker,Female,robert3@imdb.com,NULL,robert3,cdUS/K4=,In what city or town did your mother and father meet,A471,75061
472,Josh,NULL,Barnhill,Female,josh0@imdb.com,NULL,josh0,m3KdhOo=,What is the middle name of your oldest child,A472,98011
473,Gytis,M,Barzdukas,Male,NULL,2007-05-08,NULL,lUNnQso=,What is your favorite team,A473,98366
474,Shaun,NULL,Beasley,Male,shaun0@imdb.com,1967-06-12,shaun0,XjtM78E=,What is your favorite movie,A474,78701
475,John,A.,Beaver,Female,john8@imdb.com,NULL,john8,zXNgrJw=,What was your childhood nickname,A475,80203
477,Ann,NULL,Beebe,Male,NULL,1963-03-06,NULL,BX3pcB8=,In what city or town did your mother and father meet,A477,75040
478,Stanley,A.,Alan,Male,stanley0@imdb.com,NULL,stanley0,kj/7VTw=,What is the middle name of your oldest child,A478,98003
479,Edna,J.,Benson,Female,edna0@imdb.com,NULL,edna0,Jx6w2tk=,What is your favorite team,A479,98104
480,Payton,P.,Benson,Female,payton0@imdb.com,NULL,payton0,TYGH50Q=,What is your favorite movie,A480,97321
481,Alexander,J.,Berger,Male,alexander0@imdb.com,1940-11-04,alexander0,ns1gQU4=,What was your childhood nickname,A481,92102
482,John,M.,Berger,Male,john10@imdb.com,1939-05-07,john10,2Ugh6Q4=,What is the name of your favorite childhood friend,A482,83402
484,Matthias,NULL,Berndt,Female,matthias1@imdb.com,NULL,matthias1,6Mzfp8w=,What is the middle name of your oldest child,A484,89030
485,Steven,B.,Brown,Male,NULL,NULL,NULL,Hp2yS7E=,What is your favorite team,A485,60433
486,Jimmy,NULL,Bischoff,Male,jimmy1@imdb.com,NULL,jimmy1,BJUetfg=,What is your favorite movie,A486,93030
487,Mae,M.,Black,Male,mae1@imdb.com,2010-06-08,mae1,Zg4TO0Q=,What was your childhood nickname,A487,61606
488,Jackie,E.,Blackwell,Female,jackie0@imdb.com,NULL,jackie0,SZ+r60o=,What is the name of your favorite childhood friend,A488,75061
489,Donald,L.,Blanton,Female,donald0@imdb.com,1935-06-09,donald0,jKtOaOw=,In what city or town did your mother and father meet,A489,98011
490,Linda,E.,Burnett,Female,NULL,1994-02-10,NULL,SmyIPjE=,What is the middle name of your oldest child,A490,98366
491,Michael,Greg,Blythe,Female,michael11@imdb.com,NULL,michael11,8L4g3I4=,What is your favorite team,A491,78701
492,Gabriel,L.,Bockenkamp,Female,gabriel0@imdb.com,NULL,gabriel0,fjVy+G4=,What is your favorite movie,A492,80203
494,Randall,NULL,Boseman,Female,randall0@imdb.com,NULL,randall0,oMeb83g=,What is the name of your favorite childhood friend,A494,75040
495,Eli,NULL,Bowen,Female,NULL,1979-01-05,NULL,7P8PxcQ=,In what city or town did your mother and father meet,A495,98003
496,Lester,J.,Bowman,Female,lester0@imdb.com,NULL,lester0,w7ec7iI=,What is the middle name of your oldest child,A496,98104
497,Cornelius,L.,Brandon,Male,cornelius0@imdb.com,NULL,cornelius0,OzSaq2k=,What is your favorite team,A497,97321
498,Richard,NULL,Bready,Female,richard1@imdb.com,1952-07-11,richard1,jpRF8lY=,What is your favorite movie,A498,92102
499,Ted,NULL,Bremer,Female,ted0@imdb.com,NULL,ted0,MxiyX14=,What was your childhood nickname,A499,83402
501,Walter,J.,Brian,Male,walter0@imdb.com,NULL,walter0,PiILPfc=,In what city or town did your mother and father meet,A501,89030
502,Christopher,M.,Bright,Male,christopher2@imdb.com,NULL,christopher2,J9DNyhU=,What is the middle name of your oldest child,A502,60433
503,John,R.,Brooks,Female,john12@imdb.com,1919-04-02,john12,C4OiUF4=,What is your favorite team,A503,93030
504,Willie,P.,Brooks,Female,willie0@imdb.com,NULL,willie0,dS1y3X0=,What is your favorite movie,A504,61606
505,Jo,NULL,Brown,Male,NULL,NULL,NULL,T2lZOPo=,What was your childhood nickname,A505,75061
506,Robert,NULL,Brown,Male,robert5@imdb.com,NULL,robert5,mQK+bIw=,What is the name of your favorite childhood friend,A506,98011
507,Mary,K.,Browning,Male,mary5@imdb.com,1942-11-08,mary5,dt/JUB4=,In what city or town did your mother and father meet,A507,98366
508,Eric,J.,Brumfield,Female,eric3@imdb.com,2004-05-10,eric3,MAOhXKA=,What is the middle name of your oldest child,A508,78701
509,Michael,NULL,Brundage,Female,michael13@imdb.com,NULL,michael13,MjQeaAE=,What is your favorite team,A509,80203
511,June,B.,Brunner,Male,june0@imdb.com,NULL,Jun-00,hY2Xf6o=,What was your childhood nickname,A511,75040
512,Dirk,J.,Bruno,Male,dirk0@imdb.com,1972-07-03,dirk0,DblcZuo=,What is the name of your favorite childhood friend,A512,98003
513,Janaina Barreiro Gambaro,NULL,Bueno,Female,janainabarreirogambaro0@imdb.com,NULL,janainabarreirogambaro0,aNoO9K0=,In what city or town did your mother and father meet,A513,98104
514,Megan,E.,Burke,Female,megan0@imdb.com,NULL,megan0,9P3dKrM=,What is the middle name of your oldest child,A514,97321
515,Karren,K.,Burkhardt,Female,karren0@imdb.com,NULL,karren0,x1JqF8M=,What is your favorite team,A515,92102
516,Timothy,B.,Burnett,Male,timothy0@imdb.com,1997-08-05,timothy0,e8KtQ70=,What is your favorite movie,A516,83402
518,Richard,A.,Byham,Male,richard2@imdb.com,NULL,richard2,KoBtEoU=,What is the name of your favorite childhood friend,A518,89030
519,Ryan,NULL,Calafato,Male,ryan1@imdb.com,NULL,ryan1,DBuWFZ4=,In what city or town did your mother and father meet,A519,80537
520,Mari,B.,Caldwell,Female,mari0@imdb.com,NULL,mari0,x8xILbE=,What is the middle name of your oldest child,A520,98503
521,Barbara,J.,Calone,Female,barbara2@imdb.com,1931-11-05,barbara2,8iuXJ0k=,What is your favorite team,A521,92173
522,Lindsey,R.,Camacho,Female,lindsey0@imdb.com,NULL,lindsey0,bhH3VWU=,What is your favorite movie,A522,78664
524,Joan,M.,Campbell,Female,joan0@imdb.com,2008-11-07,joan0,eVaIdvY=,What is the name of your favorite childhood friend,A524,93065
525,Henry,L.,Campen,Female,henry0@imdb.com,NULL,henry0,2NEGr8A=,In what city or town did your mother and father meet,A525,59801
526,Chris,NULL,Cannon,Male,chris5@imdb.com,NULL,chris5,LQWSses=,What is the middle name of your oldest child,A526,76645
527,Suzana De Abreu,A.,Canuto,Female,NULL,NULL,NULL,RpQyjlA=,What is your favorite team,A527,84098
528,Johnny,A.,Caprio,Male,johnny0@imdb.com,1947-03-11,johnny0,wVLnvHo=,What is your favorite movie,A528,61953
529,Carlton,M.,Carlisle,Male,carlton0@imdb.com,1975-11-01,carlton0,fYgdeM0=,What was your childhood nickname,A529,63103
531,Jovita,A.,Carmody,Female,NULL,1940-08-09,NULL,zmqmiAQ=,In what city or town did your mother and father meet,A531,95112
532,Rob,NULL,Caron,Male,rob2@imdb.com,NULL,rob2,v43cndI=,What is the middle name of your oldest child,A532,90241
534,Donna,F.,Carreras,Female,donna0@imdb.com,1923-01-08,donna0,YTNH5Rw=,What is your favorite movie,A534,N2V
539,Brigid,F.,Cavendish,Male,brigid0@imdb.com,1945-01-07,brigid0,QS6UTS4=,What is your favorite team,A539,55056
540,Andrew,NULL,Cencini,Female,andrew2@imdb.com,NULL,andrew2,LCi+QgQ=,What is your favorite movie,A540,90040
541,Stacey,M.,Cereghino,Male,NULL,NULL,NULL,n+71V7I=,What was your childhood nickname,A541,90605
542,Pat,A.,Chambers,Female,pat1@imdb.com,NULL,pat1,bvb6hus=,What is the name of your favorite childhood friend,A542,98626
543,Forrest,J.,Chandler,Female,forrest0@imdb.com,NULL,forrest0,KOGA0IE=,In what city or town did your mother and father meet,A543,91303
544,Lee,J.,Chapla,Female,lee0@imdb.com,1952-10-07,lee0,af0s25U=,What is the middle name of your oldest child,A544,75149
546,Yao-Qiang,NULL,Cheng,Female,yao-qiang0@imdb.com,1913-05-07,yao-qiang0,BG6Ps64=,What is your favorite movie,A546,92102
547,Nicky,E.,Chesnut,Male,nicky0@imdb.com,NULL,nicky0,ggpF1Og=,What was your childhood nickname,A547,98903
548,Ruth,A.,Choin,Male,ruth1@imdb.com,1992-08-07,ruth1,BuagBic=,What is the name of your favorite childhood friend,A548,91901
549,Anthony,NULL,Chor,Female,NULL,1966-07-10,NULL,tAAs8Fk=,In what city or town did your mother and father meet,A549,91801
551,Alice,NULL,Clark,Female,alice1@imdb.com,NULL,alice1,hGHOthw=,What is your favorite team,A551,64106
553,Connie,L.,Coffman,Female,connie0@imdb.com,NULL,connie0,3tT/ffQ=,What was your childhood nickname,A553,97205
554,Pat,NULL,Coleman,Male,pat2@imdb.com,NULL,pat2,7+I+4k4=,What is the name of your favorite childhood friend,A554,92614
556,Scott,A.,Colvin,Female,NULL,1907-06-08,NULL,sA8S2v4=,What is the middle name of your oldest child,A556,82901
558,Dorothy,J.,Contreras,Female,dorothy0@imdb.com,NULL,dorothy0,lnEeim8=,What is your favorite movie,A558,60433
559,Scott,NULL,Cooper,Male,scott2@imdb.com,NULL,scott2,+v0uddA=,What was your childhood nickname,A559,93030
560,Eva,NULL,Corets,Male,eva0@imdb.com,NULL,eva0,gF7bPbY=,What is the name of your favorite childhood friend,A560,61606
561,Marlin,M.,Coriell,Male,marlin0@imdb.com,NULL,marlin0,FSkdXTM=,In what city or town did your mother and father meet,A561,75061
562,Jack,NULL,Creasey,Female,jack2@imdb.com,NULL,jack2,7wlaV4Y=,What is the middle name of your oldest child,A562,98011
563,Grant,NULL,Culbertson,Male,NULL,NULL,NULL,fqDHYeo=,What is your favorite team,A563,98366
564,Scott,NULL,Culp,Male,scott3@imdb.com,NULL,scott3,rXx8clQ=,What is your favorite movie,A564,78701
565,Conor,NULL,Cunningham,Female,conor0@imdb.com,1984-08-04,conor0,vJ/AcXo=,What was your childhood nickname,A565,80203
567,Megan,N.,Davis,Male,NULL,NULL,NULL,BNNUWH4=,In what city or town did your mother and father meet,A567,75040
568,Alvaro,NULL,De Matos Miranda Filho,Male,alvaro0@imdb.com,NULL,alvaro0,v5pJpw0=,What is the middle name of your oldest child,A568,98003
569,Jacob,N.,Dean,Male,jacob0@imdb.com,NULL,jacob0,KVVlFXY=,What is your favorite team,A569,98104
570,Alexander,J.,Deborde,Female,alexander1@imdb.com,NULL,alexander1,Uifpoxw=,What is your favorite movie,A570,97321
571,Aidan,NULL,Delaney,Female,NULL,2009-07-08,NULL,DKu7/UM=,What was your childhood nickname,A571,92102
572,Stefan,NULL,Delmarco,Male,stefan0@imdb.com,NULL,stefan0,BsI2IB4=,What is the name of your favorite childhood friend,A572,83402
574,Prashanth,NULL,Desai,Female,prashanth0@imdb.com,NULL,prashanth0,l32Vf08=,What is the middle name of your oldest child,A574,89030
575,Bev,L.,Desalvo,Female,NULL,NULL,NULL,5dgYmOY=,What is your favorite team,A575,60433
576,Brenda,NULL,Diaz,Male,brenda2@imdb.com,NULL,brenda2,lsd099Q=,What is your favorite movie,A576,93030
577,Gabriele,NULL,Dickmann,Female,gabriele0@imdb.com,NULL,gabriele0,M8SoIWU=,What was your childhood nickname,A577,61606
578,Dick,NULL,Dievendorff,Male,dick1@imdb.com,2000-04-03,dick1,FihOX8w=,What is the name of your favorite childhood friend,A578,75061
579,Rudolph,J.,Dillon,Male,rudolph0@imdb.com,NULL,rudolph0,DUDd/5g=,In what city or town did your mother and father meet,A579,98011
580,Blaine,NULL,Dockter,Female,NULL,1927-08-10,NULL,hiSI26I=,What is the middle name of your oldest child,A580,98366
581,Cindy,M.,Dodd,Female,cindy0@imdb.com,2009-08-06,cindy0,M4cce8o=,What is your favorite team,A581,78701
582,Patricia,NULL,Doyle,Male,patricia0@imdb.com,NULL,patricia0,ZeNva8s=,What is your favorite movie,A582,80203
584,Reuben,NULL,D'sa,Female,reuben1@imdb.com,NULL,reuben1,jj5f+ZA=,What is the name of your favorite childhood friend,A584,75040
585,Bart,NULL,Duncan,Female,bart0@imdb.com,NULL,bart0,MPxWTOU=,In what city or town did your mother and father meet,A585,98003
586,Maciej,NULL,Dusza,Male,maciej1@imdb.com,1918-01-09,maciej1,pDYvCjw=,What is the middle name of your oldest child,A586,98104
587,Linda,R.,Ecoffey,Male,NULL,NULL,NULL,Q5U1IZU=,What is your favorite team,A587,97321
588,Carol,B.,Elliott,Male,carol2@imdb.com,NULL,carol2,PavVqD4=,What is your favorite movie,A588,92102
589,Shannon,P.,Elliott,Female,shannon0@imdb.com,NULL,shannon0,2HvuG3I=,What was your childhood nickname,A589,83402
591,Terry,NULL,Eminhizer,Male,terry1@imdb.com,NULL,terry1,vx5Ko/Q=,In what city or town did your mother and father meet,A591,89030
592,John,NULL,Emory,Female,NULL,NULL,NULL,/4/gh8A=,What is the middle name of your oldest child,A592,60433
593,Gail,NULL,Erickson,Male,gail1@imdb.com,1972-03-03,gail1,qUowBt4=,What is your favorite team,A593,93030
594,Mark,B,Erickson,Male,mark2@imdb.com,NULL,mark2,zYqZHNo=,What is your favorite movie,A594,61606
595,Martha,R.,Espinoza,Male,martha0@imdb.com,NULL,martha0,ZFXGiMU=,What was your childhood nickname,A595,75061
596,Janeth,NULL,Esteves,Female,janeth1@imdb.com,1939-06-09,janeth1,+iF/Sqs=,What is the name of your favorite childhood friend,A596,98011
597,Twanna,R.,Evans,Male,twanna0@imdb.com,1933-03-09,twanna0,5hdHSeE=,In what city or town did your mother and father meet,A597,98366
598,Ann,R.,Evans,Male,ann1@imdb.com,NULL,ann1,r8MY8Co=,What is the middle name of your oldest child,A598,78701
599,John,NULL,Evans,Male,NULL,NULL,NULL,Pz84Lbs=,What is your favorite team,A599,80203
601,Geri,P.,Farrell,Female,geri0@imdb.com,NULL,geri0,anxKyOc=,What was your childhood nickname,A601,75040
602,Rhoda,J.,Finley,Male,rhoda0@imdb.com,NULL,rhoda0,83MFiok=,What is the name of your favorite childhood friend,A602,98003
603,Kathie,NULL,Flood,Female,kathie1@imdb.com,NULL,kathie1,WGizZm8=,In what city or town did your mother and father meet,A603,98104
604,Kelly,NULL,Focht,Male,kelly0@imdb.com,1963-03-01,kelly0,E7joL4U=,What is the middle name of your oldest child,A604,97321
605,Garth,NULL,Fort,Female,garth0@imdb.com,NULL,garth0,sQuHPto=,What is your favorite team,A605,92102
606,Dorothy,J.,Fox,Male,NULL,1944-09-04,NULL,GQqIg64=,What is your favorite movie,A606,83402
608,Mihail,NULL,Frintu,Female,mihail1@imdb.com,NULL,mihail1,hxyAApA=,What is the name of your favorite childhood friend,A608,89030
609,John,NULL,Ford,Male,john19@imdb.com,1963-10-02,john19,MFN+Ar8=,In what city or town did your mother and father meet,A609,60433
610,Paul,J.,Fulton,Female,NULL,NULL,NULL,HfBhcWQ=,What is the middle name of your oldest child,A610,93030
611,Bob,NULL,Gage,Female,bob1@imdb.com,NULL,bob1,hZbeVTs=,What is your favorite team,A611,61606
612,Michael,NULL,Galos,Female,michael15@imdb.com,NULL,michael15,x+UpoXE=,What is your favorite movie,A612,75061
613,Jon,NULL,Ganio,Female,jon0@imdb.com,NULL,jon0,+Yo0P+0=,What was your childhood nickname,A613,98011
614,Kathleen,M.,Garza,Male,kathleen0@imdb.com,NULL,kathleen0,Ls05W3g=,What is the name of your favorite childhood friend,A614,98366
615,Dominic,P.,Gash,Male,dominic0@imdb.com,1952-08-06,dominic0,sPoUBSQ=,In what city or town did your mother and father meet,A615,78701
616,Janet,M.,Gates,Female,NULL,NULL,NULL,nm7D5e4=,What is the middle name of your oldest child,A616,80203
618,Darren,NULL,Gehring,Female,darren0@imdb.com,NULL,darren0,Xe7grug=,What is your favorite movie,A618,75040
619,Jim,NULL,Geist,Male,jim1@imdb.com,NULL,jim1,ot8WcXk=,What was your childhood nickname,A619,98003
620,Barbara,J.,German,Female,barbara4@imdb.com,1953-07-08,barbara4,Jvsxxrg=,What is the name of your favorite childhood friend,A620,98104
621,Leo,NULL,Giakoumakis,Male,leo0@imdb.com,2006-01-06,leo0,abrUsFg=,In what city or town did your mother and father meet,A621,97321
622,Frances,J.,Giglio,Female,frances1@imdb.com,NULL,frances1,6ansEQA=,What is the middle name of your oldest child,A622,92102
623,Guy,NULL,Gilbert,Female,guy0@imdb.com,NULL,guy0,rQoQs38=,What is your favorite team,A623,83402
625,Mary,M.,Gimmi,Female,mary6@imdb.com,NULL,mary6,S640434=,What was your childhood nickname,A625,89030
626,Jeanie,R.,Glenn,Male,jeanie0@imdb.com,NULL,jeanie0,dUASILc=,What is the name of your favorite childhood friend,A626,80537
627,Diane,R.,Glimp,Male,diane3@imdb.com,1971-07-07,diane3,s9kzXNA=,In what city or town did your mother and father meet,A627,98503
628,Scott,NULL,Gode,Female,scott4@imdb.com,1919-08-08,scott4,3CEircg=,What is the middle name of your oldest child,A628,92173
629,Mete,NULL,Goktepe,Female,mete0@imdb.com,NULL,mete0,7erbA0k=,What is your favorite team,A629,78664
631,Abigail,J.,Gonzalez,Male,abigail0@imdb.com,NULL,abigail0,kAdG4pM=,What was your childhood nickname,A631,93065
632,Michael,NULL,Graff,Male,NULL,1912-02-04,NULL,ewV5lII=,What is the name of your favorite childhood friend,A632,59801
633,Derek,NULL,Graham,Male,derek0@imdb.com,NULL,derek0,8ju6sOA=,In what city or town did your mother and father meet,A633,76645
634,Jon,NULL,Grande,Male,jon1@imdb.com,NULL,jon1,83inWt0=,What is the middle name of your oldest child,A634,84098
635,Jane,P.,Greer,Male,jane2@imdb.com,NULL,jane2,qxbTTkE=,What is your favorite team,A635,61953
636,Douglas,NULL,Groncki,Male,douglas2@imdb.com,1961-06-01,douglas2,KiAAI5M=,What is your favorite movie,A636,63103
638,Hattie,J.,Haemon,Male,hattie0@imdb.com,NULL,hattie0,8n38uVg=,What is the name of your favorite childhood friend,A638,95112
639,Erin,M.,Hagens,Female,erin1@imdb.com,NULL,erin1,8soIcx8=,In what city or town did your mother and father meet,A639,90241
641,Bryan,NULL,Hamilton,Female,NULL,NULL,NULL,IRNPDIw=,What is your favorite team,A641,N2V
646,Keith,NULL,Harris,Female,keith0@imdb.com,1932-02-06,keith0,fs1ZGhY=,What is the middle name of your oldest child,A646,55056
647,Roger,NULL,Harui,Female,roger0@imdb.com,NULL,roger0,sQMfTfM=,What is your favorite team,A647,90040
648,Ann,T.,Hass,Male,ann2@imdb.com,1920-02-03,ann2,M7xYGr4=,What is your favorite movie,A648,90605
649,James,B.,Haugh,Male,james8@imdb.com,NULL,james8,TfeFfy4=,What was your childhood nickname,A649,98626
650,Brenda,F.,Heaney,Female,brenda3@imdb.com,1938-01-12,brenda3,KnmJUbs=,What is the name of your favorite childhood friend,A650,91303
651,John,NULL,Hanson,Male,john20@imdb.com,NULL,john20,zNDLlSI=,In what city or town did your mother and father meet,A651,75149
653,Kari,NULL,Hensien,Male,kari0@imdb.com,1918-03-10,kari0,niDlQYk=,What is your favorite team,A653,92102
654,Irene,J.,Hernandez,Female,irene0@imdb.com,NULL,irene0,uJ5Exxo=,What is your favorite movie,A654,98903
655,Jésus,NULL,Hernandez,Female,jésus0@imdb.com,1918-07-08,jésus0,Y/Ty5LA=,What was your childhood nickname,A655,91901
656,Cheryl,M.,Herring,Female,cheryl0@imdb.com,NULL,cheryl0,256h+G0=,What is the name of your favorite childhood friend,A656,91801
658,Andrew,R.,Hill,Male,andrew4@imdb.com,NULL,andrew4,m9GHYGc=,What is the middle name of your oldest child,A658,64106
660,Matthew,NULL,Hink,Female,matthew3@imdb.com,NULL,matthew3,hDyaJt4=,What is your favorite movie,A660,97205
661,David,NULL,Hodgson,Female,david16@imdb.com,NULL,david16,AwqZdYk=,What was your childhood nickname,A661,92614
663,Bob,NULL,Hodges,Female,bob2@imdb.com,1947-03-02,bob2,FebyYno=,In what city or town did your mother and father meet,A663,82901
665,Eddie,M.,Holmes,Female,eddie0@imdb.com,1997-02-12,eddie0,S111y4k=,What is your favorite team,A665,60433
666,Juanita,J.,Holman,Female,juanita0@imdb.com,NULL,juanita0,RvrCF5g=,What is your favorite movie,A666,93030
667,Peter,NULL,Houston,Male,peter3@imdb.com,NULL,peter3,Q5WaAeA=,What was your childhood nickname,A667,61606
668,Curtis,P.,Howard,Male,curtis0@imdb.com,NULL,curtis0,e139ONA=,What is the name of your favorite childhood friend,A668,75061
669,Janice,K.,Hows,Female,janice1@imdb.com,NULL,janice1,Qtn1h+4=,In what city or town did your mother and father meet,A669,98011
670,George,M.,Huckaby,Female,george1@imdb.com,1975-03-08,george1,GVMmXow=,What is the middle name of your oldest child,A670,98366
671,Joshua,J.,Huff,Female,joshua0@imdb.com,NULL,joshua0,HQlRLlk=,What is your favorite team,A671,78701
672,Arlene,NULL,Huff,Male,arlene0@imdb.com,1955-02-09,arlene0,SC/mXZQ=,What is your favorite movie,A672,80203
674,Lawrence,E.,Hurkett,Male,lawrence0@imdb.com,NULL,lawrence0,hGtKm+M=,What is the name of your favorite childhood friend,A674,75040
675,Ryan,NULL,Ihrig,Female,NULL,NULL,NULL,HGudpUM=,In what city or town did your mother and father meet,A675,98003
676,Beth,NULL,Inghram,Female,beth0@imdb.com,1988-09-05,beth0,H5fjp4Y=,What is the middle name of your oldest child,A676,98104
677,Lucio,NULL,Iallo,Female,lucio0@imdb.com,NULL,lucio0,7hC00f0=,What is your favorite team,A677,97321
678,Richard,L.,Irwin,Female,richard4@imdb.com,NULL,richard4,B/Jr1SE=,What is your favorite movie,A678,92102
679,Erik,NULL,Ismert,Male,erik0@imdb.com,NULL,erik0,xAk6xGo=,What was your childhood nickname,A679,83402
681,Bronson,R.,Jacobs,Male,NULL,NULL,NULL,rLOroU0=,In what city or town did your mother and father meet,A681,89030
682,Eric,A.,Jacobsen,Male,eric5@imdb.com,NULL,eric5,3V8BWNc=,What is the middle name of your oldest child,A682,60433
683,Jodan,M.,Jacobson,Female,jodan0@imdb.com,NULL,jodan0,F/sb/Xc=,What is your favorite team,A683,93030
684,Mary,NULL,Alexander,Male,mary7@imdb.com,NULL,mary7,F1wnUPk=,What is your favorite movie,A684,61606
685,David,NULL,Jaffe,Female,david17@imdb.com,NULL,david17,AnSCCJw=,What was your childhood nickname,A685,75061
686,Vance,P.,Johns,Male,vance0@imdb.com,NULL,vance0,Tb+oJnk=,What is the name of your favorite childhood friend,A686,98011
687,Joyce,NULL,Jarvis,Female,NULL,NULL,NULL,XdEyqf4=,In what city or town did your mother and father meet,A687,98366
688,Stephen,Yuan,Jiang,Female,stephen3@imdb.com,NULL,stephen3,8fDglPw=,What is the middle name of your oldest child,A688,78701
689,Danielle,B.,Johnson,Female,danielle1@imdb.com,NULL,danielle1,W1IKTDo=,What is your favorite team,A689,80203
691,Brian,NULL,Johnson,Male,NULL,NULL,NULL,2t9hMlk=,What was your childhood nickname,A691,75040
692,David,NULL,Johnson,Female,david18@imdb.com,NULL,david18,0fgKxF4=,What is the name of your favorite childhood friend,A692,98003
693,Jean,NULL,Jordan,Female,jean3@imdb.com,NULL,jean3,RqNfsHY=,In what city or town did your mother and father meet,A693,98104
694,Peggy,J.,Justice,Male,peggy0@imdb.com,NULL,peggy0,GR7idhc=,What is the middle name of your oldest child,A694,97321
695,Diane,F.,Krane,Male,NULL,1919-12-02,NULL,6xHx1mQ=,What is your favorite team,A695,92102
696,Sandra,T.,Kitt,Female,sandra2@imdb.com,1921-08-06,sandra2,FccEr0Q=,What is your favorite movie,A696,83402
698,Lori,NULL,Kane,Male,lori2@imdb.com,NULL,lori2,s0Fgpmc=,What is the name of your favorite childhood friend,A698,89030
699,Kay,E.,Krane,Female,kay0@imdb.com,NULL,kay0,hvfA+Y0=,In what city or town did your mother and father meet,A699,60433
700,Sandeep,NULL,Katyal,Male,NULL,1911-01-04,NULL,7xO2UQE=,What is the middle name of your oldest child,A700,93030
701,Victor,A.,Kelley,Male,victor0@imdb.com,NULL,victor0,j/3FTKs=,What is your favorite team,A701,61606
702,John,NULL,Kelly,Female,john22@imdb.com,NULL,john22,a2bt7rI=,What is your favorite movie,A702,75061
703,Robert,NULL,Kelly,Male,robert7@imdb.com,NULL,robert7,OLqP9tg=,What was your childhood nickname,A703,98011
704,Kevin,NULL,Kennedy,Female,kevin4@imdb.com,NULL,kevin4,B+59kWs=,What is the name of your favorite childhood friend,A704,98366
705,Mary,R.,Kesslep,Male,mary8@imdb.com,2001-03-06,mary8,J1cVbE8=,In what city or town did your mother and father meet,A705,78701
706,Elizabeth,NULL,Keyser,Male,NULL,NULL,NULL,/P0XMaQ=,What is the middle name of your oldest child,A706,80203
708,Karan,NULL,Khanna,Female,karan1@imdb.com,NULL,karan1,jZhDom8=,What is your favorite movie,A708,75040
709,Joe,NULL,Kim,Female,joe1@imdb.com,NULL,joe1,jMsXQbs=,What was your childhood nickname,A709,98003
710,Shane,S.,Kim,Male,shane2@imdb.com,NULL,shane2,4YXPsTU=,What is the name of your favorite childhood friend,A710,98104
711,Tim,NULL,Kim,Female,tim0@imdb.com,NULL,tim0,W9zzlRs=,In what city or town did your mother and father meet,A711,97321
712,Anton,NULL,Kirilov,Male,anton0@imdb.com,1906-12-05,anton0,0sZGs8c=,What is the middle name of your oldest child,A712,92102
713,Christian,NULL,Kleinerman,Male,christian1@imdb.com,NULL,christian1,7uZHIds=,What is your favorite team,A713,83402
715,Kirk,T,King,Male,kirk2@imdb.com,NULL,kirk2,b96sfSU=,What was your childhood nickname,A715,89030
716,Eugene,NULL,Kogan,Female,NULL,1978-08-01,NULL,GdsdWsk=,What is the name of your favorite childhood friend,A716,60433
717,Scott,NULL,Konersmann,Male,scott6@imdb.com,NULL,scott6,A+rOrG0=,In what city or town did your mother and father meet,A717,93030
718,Joy,R.,Koski,Male,joy0@imdb.com,1983-03-07,joy0,IrqLpXQ=,What is the middle name of your oldest child,A718,61606
719,Pamala,M.,Kotc,Female,pamala0@imdb.com,1982-06-03,pamala0,/rh9tFs=,What is your favorite team,A719,75061
720,Mitch,NULL,Kennedy,Female,mitch0@imdb.com,NULL,mitch0,lGI5cA0=,What is your favorite movie,A720,98011
721,Margaret,T.,Krupka,Female,margaret1@imdb.com,1950-11-10,margaret1,09k9Tis=,What was your childhood nickname,A721,98366
722,Deepak,NULL,Kumar,Male,NULL,1959-01-09,NULL,6fOTb8g=,What is the name of your favorite childhood friend,A722,78701
723,Vamsi,NULL,Kuppa,Female,vamsi1@imdb.com,NULL,vamsi1,HaDRSbY=,In what city or town did your mother and father meet,A723,80203
725,Peter,NULL,Kurniawan,Female,peter4@imdb.com,1935-10-08,peter4,QgzjTPU=,What is your favorite team,A725,75040
726,Eric,NULL,Lang,Female,eric6@imdb.com,1934-10-09,eric6,xw9RymE=,What is your favorite movie,A726,98003
727,Rebecca,NULL,Laszlo,Female,rebecca2@imdb.com,1941-07-05,rebecca2,n7ydrrc=,What was your childhood nickname,A727,98104
728,David,O,Lawrence,Male,david19@imdb.com,NULL,david19,/kc6RdY=,What is the name of your favorite childhood friend,A728,97321
729,Elsa,NULL,Leavitt,Male,elsa0@imdb.com,1907-01-11,elsa0,YADhpPo=,In what city or town did your mother and father meet,A729,92102
730,Michael,J.,Lee,Female,michael18@imdb.com,1973-01-03,michael18,vhvGQUE=,What is the middle name of your oldest child,A730,83402
732,Frank,NULL,Campbell,Female,frank4@imdb.com,NULL,frank4,/9h1e7s=,What is your favorite movie,A732,89030
733,Mark,NULL,Lee,Male,mark5@imdb.com,1989-05-02,mark5,s7z2FRc=,What was your childhood nickname,A733,80537
734,Jolie,NULL,Lenehan,Male,jolie0@imdb.com,1999-06-08,jolie0,C2IP7to=,What is the name of your favorite childhood friend,A734,98503
735,Roger,NULL,Lengel,Female,roger1@imdb.com,NULL,roger1,1PXmt4Y=,In what city or town did your mother and father meet,A735,92173
736,A.,Francesca,Leonetti,Female,a0@imdb.com,NULL,a0,6UypM3o=,What is the middle name of your oldest child,A736,78664
738,Linda,NULL,Leste,Female,linda7@imdb.com,1969-03-06,linda7,OHu+9rc=,What is your favorite movie,A738,93065
739,Elsie,L.,Lewin,Female,elsie0@imdb.com,2009-03-04,elsie0,UUwXzgY=,What was your childhood nickname,A739,59801
740,George,Z.,Li,Female,george3@imdb.com,NULL,george3,4m5UYgM=,What is the name of your favorite childhood friend,A740,76645
741,Yale,NULL,Li,Female,yale0@imdb.com,1948-09-01,yale0,5MEUKYU=,In what city or town did your mother and father meet,A741,84098
742,Yuhong,NULL,Li,Female,yuhong1@imdb.com,NULL,yuhong1,R273GbA=,What is the middle name of your oldest child,A742,61953
743,Joseph,M.,Lique,Female,joseph2@imdb.com,1902-08-12,joseph2,jH5dJh4=,What is your favorite team,A743,63103
745,David,J.,Liu,Female,david20@imdb.com,1931-09-11,david20,c7Ttvv0=,What was your childhood nickname,A745,95112
746,Jinghao,NULL,Liu,Female,jinghao1@imdb.com,NULL,jinghao1,p6pOqKc=,What is the name of your favorite childhood friend,A746,90241
748,Todd,R.,Logan,Female,todd0@imdb.com,NULL,todd0,mFRhaEg=,What is the middle name of your oldest child,A748,N2V
753,Robert,NULL,Lyon,Female,robert9@imdb.com,NULL,robert9,0JS3VLg=,In what city or town did your mother and father meet,A753,55056
754,Denise,R.,Maccietto,Male,denise1@imdb.com,1955-06-04,denise1,DfqJQ4g=,What is the middle name of your oldest child,A754,90040
755,Scott,NULL,MacDonald,Female,scott7@imdb.com,1976-03-11,scott7,LqtoWXs=,What is your favorite team,A755,90605
756,Walter,J.,Mays,Male,NULL,NULL,NULL,IZ6tF0Y=,What is your favorite movie,A756,98626
757,Ajay,NULL,Manchepalli,Male,ajay0@imdb.com,NULL,ajay0,MYqiM6w=,What was your childhood nickname,A757,91303
758,Tomas,M.,Manzanares,Female,tomas0@imdb.com,1916-03-06,tomas0,blIz9rk=,What is the name of your favorite childhood friend,A758,75149
760,Melissa,R.,Marple,Female,NULL,NULL,NULL,CAB+B+I=,What is the middle name of your oldest child,A760,92102
761,Cecelia,L.,Marshall,Male,cecelia0@imdb.com,1984-04-01,cecelia0,1sXsDEE=,What is your favorite team,A761,98903
762,Linda,NULL,Martin,Female,linda8@imdb.com,NULL,linda8,JYjWVqI=,What is your favorite movie,A762,91901
763,Frank,NULL,Mart¡nez,Female,frank5@imdb.com,1903-07-07,frank5,6YiQ2V8=,What was your childhood nickname,A763,91801
765,Jennifer,J.,Maxham,Male,jennifer1@imdb.com,NULL,jennifer1,M6OjY4Y=,In what city or town did your mother and father meet,A765,64106
767,Sandra,B.,Maynard,Female,sandra4@imdb.com,NULL,sandra4,CqQEYuw=,What is your favorite team,A767,97205
768,Robin,M.,McGuigan,Male,robin0@imdb.com,NULL,robin0,OtAJEtc=,What is your favorite movie,A768,92614
770,Jane,A.,McCarty,Male,jane3@imdb.com,NULL,jane3,cpPYnNE=,What is the name of your favorite childhood friend,A770,82901
772,Yvonne,NULL,McKay,Male,NULL,1937-11-01,NULL,pXNy1Eg=,What is the middle name of your oldest child,A772,60433
773,Nkenge,NULL,McLin,Female,nkenge0@imdb.com,1906-08-07,nkenge0,NNRxDmg=,What is your favorite team,A773,93030
774,Nancy,A.,McPhearson,Female,nancy3@imdb.com,NULL,nancy3,qcerumU=,What is your favorite movie,A774,61606
775,Raquel,NULL,Mello,Male,raquel0@imdb.com,1960-07-02,raquel0,Ap+5ADc=,What was your childhood nickname,A775,75061
776,R. Morgan,L.,Mendoza,Male,rmorgan0@imdb.com,NULL,rmorgan0,K0sYx+Y=,What is the name of your favorite childhood friend,A776,98011
777,Stephen,A.,Mew,Female,NULL,1993-05-03,NULL,xdzdXEw=,In what city or town did your mother and father meet,A777,98366
778,Helen,M.,Meyer,Male,helen2@imdb.com,NULL,helen2,v1Ew2R4=,What is the middle name of your oldest child,A778,78701
779,Thomas,R.,Michaels,Male,thomas2@imdb.com,1913-08-08,thomas2,aOFmjMY=,What is your favorite team,A779,80203
781,Matthew,J.,Miller,Female,matthew5@imdb.com,NULL,matthew5,eiCRDs8=,What was your childhood nickname,A781,75040
782,Ben,NULL,Miller,Female,ben1@imdb.com,NULL,ben1,6CMCzUQ=,What is the name of your favorite childhood friend,A782,98003
783,Dylan,NULL,Miller,Male,dylan1@imdb.com,1926-05-09,dylan1,q1lJvKo=,In what city or town did your mother and father meet,A783,98104
784,Frank,NULL,Miller,Male,frank6@imdb.com,1978-01-04,frank6,n/q5ims=,What is the middle name of your oldest child,A784,97321
785,Neva,M.,Mitchell,Female,NULL,NULL,NULL,ru6E/qg=,What is your favorite team,A785,92102
786,Linda,NULL,Mitchell,Female,linda9@imdb.com,2006-12-08,linda9,hrRF3s4=,What is your favorite movie,A786,83402
788,Laura,C.,Steele,Male,laura3@imdb.com,NULL,laura3,ckT+1XU=,What is the name of your favorite childhood friend,A788,89030
789,Shanay,B.,Steelman,Female,shanay0@imdb.com,NULL,shanay0,VQqvrDo=,In what city or town did your mother and father meet,A789,60433
790,Stefano,NULL,Stefani,Female,stefano0@imdb.com,1996-06-01,stefano0,XSHxez4=,What is the middle name of your oldest child,A790,93030
791,Alan,NULL,Steiner,Female,NULL,NULL,NULL,FDIch68=,What is your favorite team,A791,61606
792,Derik,NULL,Stenerson,Female,derik0@imdb.com,NULL,derik0,0rK3P2k=,What is your favorite movie,A792,75061
793,Vassar,J.,Stern,Male,vassar0@imdb.com,1993-09-09,vassar0,hLswDiQ=,What was your childhood nickname,A793,98011
794,Wathalee,R.,Steuber,Male,wathalee0@imdb.com,NULL,wathalee0,7uwL9LU=,What is the name of your favorite childhood friend,A794,98366
795,Alice,M.,Steiner,Male,alice4@imdb.com,1928-12-05,alice4,4QdzKJI=,In what city or town did your mother and father meet,A795,78701
796,Liza Marie,N.,Stevens,Male,lizamarie0@imdb.com,NULL,lizamarie0,QvunVRs=,What is the middle name of your oldest child,A796,80203
798,Robert,B.,Stotka,Female,robert12@imdb.com,NULL,robert12,M0RBO9w=,What is your favorite movie,A798,75040
799,Kayla,M.,Stotler,Female,kayla0@imdb.com,1918-06-02,kayla0,ZqTw9GM=,What was your childhood nickname,A799,98003
800,Ruby Sue,R.,Styles,Female,rubysue0@imdb.com,1947-01-08,rubysue0,H8DZOb4=,What is the name of your favorite childhood friend,A800,98104
801,Gary,J.,Suess,Male,gary5@imdb.com,NULL,gary5,n/cr6qs=,In what city or town did your mother and father meet,A801,97321
802,Ruth,J.,Suffin,Female,NULL,NULL,NULL,H30Eu1I=,What is the middle name of your oldest child,A802,92102
803,Elizabeth,J.,Sullivan,Female,elizabeth4@imdb.com,NULL,elizabeth4,t31Ri34=,What is your favorite team,A803,83402
805,Marcia,J.,Sultan,Male,marcia0@imdb.com,NULL,marcia0,eFbn7kk=,What was your childhood nickname,A805,89030
806,Krishna,NULL,Sunkammurali,Female,krishna1@imdb.com,NULL,krishna1,sEZH3m0=,What is the name of your favorite childhood friend,A806,60433
807,Brad,NULL,Sutton,Female,brad0@imdb.com,1996-05-09,brad0,BhyhRuI=,In what city or town did your mother and father meet,A807,93030
808,Abraham,L.,Swearengin,Female,NULL,NULL,NULL,D5ohtJ8=,What is the middle name of your oldest child,A808,61606
809,Katherine,K.,Swan,Female,katherine1@imdb.com,1971-11-03,katherine1,yv8Jhf8=,What is your favorite team,A809,75061
810,Julie,NULL,Taft-Rider,Female,julie1@imdb.com,1943-04-06,julie1,6ZebGOE=,What is your favorite movie,A810,98011
811,Clarence,R.,Tatman,Male,clarence0@imdb.com,1955-01-09,clarence0,kCUx/bc=,What was your childhood nickname,A811,98366
812,Mike,M.,Taylor,Female,mike6@imdb.com,NULL,mike6,abgBRtE=,What is the name of your favorite childhood friend,A812,78701
813,Chad,J.,Tedford,Male,chad1@imdb.com,NULL,chad1,+apUSQU=,In what city or town did your mother and father meet,A813,80203
815,Judy,J.,Thames,Male,judy3@imdb.com,1999-01-11,judy3,OSnERUk=,What is your favorite team,A815,75040
816,Phyllis,A.,Thomas,Male,phyllis2@imdb.com,1918-05-03,phyllis2,ycYA+jA=,What is your favorite movie,A816,98003
817,Donald,M.,Thompson,Male,donald1@imdb.com,NULL,donald1,ke7sTgo=,What was your childhood nickname,A817,98104
818,Kendra,N.,Thompson,Male,kendra0@imdb.com,1902-11-11,kendra0,IS71rL8=,What is the name of your favorite childhood friend,A818,97321
819,Daniel,P.,Thompson,Male,daniel2@imdb.com,NULL,daniel2,jcMXc0w=,In what city or town did your mother and father meet,A819,92102
820,Andrea,A.,Thomsen,Male,andrea1@imdb.com,NULL,andrea1,NuexV8w=,What is the middle name of your oldest child,A820,83402
822,Diane,NULL,Tibbott,Female,diane5@imdb.com,1965-09-11,diane5,br8PN50=,What is your favorite movie,A822,89030
823,Delia,B.,Toone,Male,NULL,NULL,NULL,k8iQbOY=,What was your childhood nickname,A823,60433
824,Glenn,J.,Track,Male,glenn0@imdb.com,NULL,glenn0,Vuzh1IE=,What is the name of your favorite childhood friend,A824,93030
825,Billy,J.,Trent,Female,NULL,NULL,NULL,V1n+9SQ=,In what city or town did your mother and father meet,A825,61606
826,Michael John,R.,Troyer,Female,michaeljohn0@imdb.com,1977-03-11,michaeljohn0,HUE+JKI=,What is the middle name of your oldest child,A826,75061
827,Christie,J.,Trujillo,Male,christie0@imdb.com,1906-07-10,christie0,/tv9aHA=,What is your favorite team,A827,98011
828,Phyllis,B.,Tuffield,Female,phyllis3@imdb.com,NULL,phyllis3,MLAW5PQ=,What is your favorite movie,A828,98366
829,Sairaj,NULL,Uddin,Female,NULL,2005-08-02,NULL,iKVyEt4=,What was your childhood nickname,A829,78701
830,Sunil,NULL,Uppal,Female,sunil0@imdb.com,1922-12-10,sunil0,Yqlwc+g=,What is the name of your favorite childhood friend,A830,80203
832,Jessie,E.,Valerio,Male,jessie0@imdb.com,1955-11-08,jessie0,mgl/qso=,What is the middle name of your oldest child,A832,75040
833,Roger,NULL,Van Houten,Female,roger2@imdb.com,NULL,roger2,WnTAc/0=,What is your favorite team,A833,98003
834,Rose,M.,Vandenouer,Male,rose1@imdb.com,NULL,rose1,tRFzZLs=,What is your favorite movie,A834,98104
835,Gregory,T.,Vanderbout,Male,gregory1@imdb.com,1992-01-04,gregory1,FAw6ojc=,What was your childhood nickname,A835,97321
836,Michael,NULL,Vanderhyde,Female,michael25@imdb.com,NULL,michael25,uXetzTc=,What is the name of your favorite childhood friend,A836,92102
837,Margaret,J.,Vanderkamp,Female,margaret2@imdb.com,NULL,margaret2,osDZuYo=,In what city or town did your mother and father meet,A837,83402
839,Nieves,J.,Vargas,Male,nieves0@imdb.com,1951-11-10,nieves0,/PSiwRg=,What is your favorite team,A839,89030
840,Gary,T,Vargas,Male,gary6@imdb.com,NULL,gary6,Zkv5OCw=,What is your favorite movie,A840,80537
841,Ranjit,Rudra,Varkey Chudukatil,Female,ranjit1@imdb.com,NULL,ranjit1,FNe76Vk=,What was your childhood nickname,A841,98503
842,Patricia,M.,Vasquez,Male,patricia2@imdb.com,1918-02-12,patricia2,WTZFkow=,What is the name of your favorite childhood friend,A842,92173
843,Raja,D.,Venugopal,Male,raja0@imdb.com,1921-09-04,raja0,hSwmBWk=,In what city or town did your mother and father meet,A843,78664
845,Wanda,F.,Vernon,Female,wanda0@imdb.com,NULL,wanda0,HDCU1Bk=,What is your favorite team,A845,93065
846,Robert,R.,Vessa,Male,robert13@imdb.com,NULL,robert13,iES3IZA=,What is your favorite movie,A846,59801
847,Caroline,A.,Vicknair,Male,caroline0@imdb.com,NULL,caroline0,QhHP+y8=,What was your childhood nickname,A847,76645
848,Rishabh,V.,Jain,Female,jain.r@imdb.com,NULL,jain.r,jYD20wc=,What is the name of your favorite childhood friend,A848,84098
