﻿772,NULL,NULL,1955-12-09,4
2124,NULL,NULL,1971-08-04,4
1224,NULL,NULL,NULL,9
759,NULL,NULL,2012-06-05,13
148,NULL,NULL,NULL,20
1029,NULL,NULL,NULL,21
970,NULL,NULL,1950-08-11,22
1247,NULL,NULL,NULL,26
1694,NULL,NULL,NULL,40
1458,NULL,NULL,NULL,43
1767,NULL,NULL,2010-04-05,43
1924,NULL,NULL,NULL,46
293,NULL,NULL,NULL,48
266,NULL,NULL,2012-07-01,49
1306,NULL,NULL,1977-02-03,49
144,NULL,NULL,NULL,54
36,NULL,NULL,NULL,56
948,NULL,NULL,NULL,57
1134,NULL,NULL,1979-06-03,60
2204,NULL,NULL,NULL,71
1179,NULL,NULL,NULL,72
562,NULL,NULL,1946-03-11,74
1312,NULL,NULL,NULL,77
613,NULL,NULL,NULL,80
1125,NULL,NULL,2011-05-01,84
228,NULL,NULL,NULL,91
459,NULL,NULL,NULL,92
448,NULL,NULL,NULL,98
1744,NULL,NULL,NULL,98
822,NULL,NULL,NULL,104
1253,NULL,NULL,NULL,105
99,NULL,NULL,NULL,106
1789,NULL,NULL,2001-05-04,106
1075,NULL,NULL,NULL,107
1932,NULL,NULL,2004-03-01,110
2148,NULL,NULL,2001-02-08,111
310,NULL,NULL,1949-05-03,117
204,NULL,NULL,NULL,123
594,NULL,NULL,NULL,124
1405,NULL,NULL,NULL,129
245,NULL,NULL,NULL,133
1199,NULL,NULL,NULL,134
414,NULL,NULL,NULL,138
532,NULL,NULL,1922-04-03,140
1366,NULL,NULL,NULL,140
1327,NULL,NULL,1954-01-06,142
2127,NULL,NULL,NULL,143
1289,NULL,NULL,NULL,144
781,NULL,NULL,1941-11-03,148
1505,NULL,NULL,NULL,158
522,NULL,NULL,1922-08-04,160
929,NULL,NULL,1963-01-01,161
1381,NULL,NULL,NULL,161
1323,NULL,NULL,NULL,166
1328,NULL,NULL,1962-04-05,166
1387,NULL,NULL,NULL,169
1853,NULL,NULL,NULL,171
1187,NULL,NULL,1936-05-06,172
751,NULL,NULL,NULL,176
146,NULL,NULL,1913-08-11,177
1747,NULL,NULL,1983-07-09,184
649,NULL,NULL,NULL,187
1093,NULL,NULL,1907-04-08,187
17,NULL,NULL,NULL,191
1263,NULL,NULL,1948-06-11,191
10,NULL,NULL,1910-05-01,192
230,NULL,NULL,NULL,192
1504,NULL,NULL,NULL,193
552,NULL,NULL,1980-10-07,196
2012,NULL,NULL,1947-03-10,199
622,NULL,NULL,NULL,203
524,NULL,NULL,NULL,207
1529,NULL,NULL,1969-04-03,208
333,NULL,NULL,NULL,210
683,NULL,NULL,1934-12-03,216
967,NULL,NULL,2007-08-11,226
316,NULL,NULL,NULL,227
601,NULL,NULL,NULL,227
432,NULL,NULL,1939-06-06,230
2202,NULL,NULL,1908-01-07,230
1794,NULL,NULL,NULL,237
1112,NULL,NULL,NULL,239
1889,NULL,NULL,2014-03-06,241
1322,NULL,NULL,NULL,244
243,NULL,NULL,NULL,245
1299,NULL,NULL,NULL,245
1887,NULL,NULL,NULL,245
654,NULL,NULL,NULL,247
1270,NULL,NULL,NULL,251
357,NULL,NULL,NULL,253
1315,NULL,NULL,NULL,254
360,NULL,NULL,1945-05-08,255
1469,NULL,NULL,1978-05-11,256
2188,NULL,NULL,NULL,256
1996,NULL,NULL,NULL,258
1574,NULL,NULL,1928-11-06,259
882,NULL,NULL,NULL,260
2073,NULL,NULL,NULL,268
468,NULL,NULL,NULL,271
2220,NULL,NULL,1932-07-04,280
663,NULL,NULL,2010-10-03,281
1984,NULL,NULL,1905-09-08,282
989,NULL,NULL,NULL,283
359,NULL,NULL,NULL,285
1876,NULL,NULL,NULL,285
2085,NULL,NULL,NULL,289
1512,NULL,NULL,NULL,290
611,NULL,NULL,NULL,292
1106,NULL,NULL,1990-12-05,292
331,NULL,NULL,NULL,294
901,NULL,NULL,1922-01-06,294
577,NULL,NULL,NULL,297
1121,NULL,NULL,NULL,297
2160,NULL,NULL,NULL,298
1556,NULL,NULL,NULL,299
1006,NULL,NULL,NULL,302
152,NULL,NULL,2008-03-01,307
2015,NULL,NULL,NULL,307
525,NULL,NULL,NULL,318
378,NULL,NULL,NULL,320
256,NULL,NULL,NULL,322
721,NULL,NULL,NULL,322
358,NULL,NULL,1977-12-06,323
1443,NULL,NULL,NULL,323
1751,NULL,NULL,NULL,327
908,NULL,NULL,NULL,330
1976,NULL,NULL,1951-11-05,337
125,NULL,NULL,1910-04-02,338
1037,NULL,NULL,NULL,338
726,NULL,NULL,NULL,339
881,NULL,NULL,NULL,339
1430,NULL,NULL,NULL,339
304,NULL,NULL,1920-09-01,340
394,NULL,NULL,NULL,342
1637,NULL,NULL,1911-07-07,346
1814,NULL,NULL,NULL,347
364,NULL,NULL,1984-07-09,350
1177,NULL,NULL,NULL,352
1746,NULL,NULL,NULL,352
1001,NULL,NULL,NULL,363
1250,NULL,NULL,NULL,364
276,NULL,NULL,1957-09-02,365
92,NULL,NULL,2002-04-07,370
1154,NULL,NULL,NULL,370
131,NULL,NULL,1931-09-07,372
491,NULL,NULL,NULL,374
1349,NULL,NULL,NULL,374
116,NULL,NULL,NULL,379
1783,NULL,NULL,NULL,381
2137,NULL,NULL,NULL,381
130,NULL,NULL,1974-09-06,382
1385,NULL,NULL,1994-11-03,387
2057,NULL,NULL,NULL,387
45,NULL,NULL,NULL,390
711,NULL,NULL,1943-10-02,390
1792,NULL,NULL,1921-09-06,390
1059,NULL,NULL,NULL,394
1333,NULL,NULL,NULL,398
267,NULL,NULL,1987-08-07,399
1548,NULL,NULL,NULL,401
226,NULL,NULL,NULL,402
1506,NULL,NULL,NULL,404
2076,NULL,NULL,NULL,404
1901,NULL,NULL,NULL,408
246,NULL,NULL,NULL,414
677,NULL,NULL,1917-05-05,418
1570,NULL,NULL,NULL,420
1137,NULL,NULL,1940-11-10,423
1202,NULL,NULL,NULL,425
1508,NULL,NULL,1923-07-01,427
442,NULL,NULL,1914-01-07,428
665,NULL,NULL,NULL,428
1946,NULL,NULL,1959-06-01,428
25,NULL,NULL,1915-09-12,430
1567,NULL,NULL,NULL,433
455,NULL,NULL,NULL,435
1301,NULL,NULL,1939-03-10,437
940,NULL,NULL,2000-01-10,439
1908,NULL,NULL,NULL,439
1316,NULL,NULL,NULL,441
1395,NULL,NULL,NULL,443
2010,NULL,NULL,NULL,443
762,NULL,NULL,1953-05-04,447
1243,NULL,NULL,NULL,452
1686,NULL,NULL,NULL,452
1069,NULL,NULL,1940-11-07,453
2025,NULL,NULL,1939-04-08,454
34,NULL,NULL,NULL,455
2037,NULL,NULL,NULL,457
159,NULL,NULL,NULL,462
643,NULL,NULL,NULL,462
1027,NULL,NULL,1901-08-12,464
2133,NULL,NULL,NULL,464
676,NULL,NULL,2005-09-01,465
1899,NULL,NULL,NULL,465
2041,NULL,NULL,NULL,465
1163,NULL,NULL,1995-07-06,467
1461,NULL,NULL,NULL,471
842,NULL,NULL,NULL,473
814,NULL,NULL,NULL,474
332,NULL,NULL,1916-09-04,479
1460,NULL,NULL,NULL,479
1005,NULL,NULL,1981-06-05,482
321,NULL,NULL,NULL,489
1470,NULL,NULL,1906-03-04,489
1778,NULL,NULL,NULL,490
2086,NULL,NULL,1950-07-05,492
398,NULL,NULL,NULL,494
530,NULL,NULL,2012-06-12,494
658,NULL,NULL,NULL,494
510,NULL,NULL,NULL,500
47,NULL,NULL,NULL,501
991,NULL,NULL,1982-08-08,501
241,NULL,NULL,NULL,502
1225,NULL,NULL,1971-03-06,502
110,NULL,NULL,NULL,504
1745,NULL,NULL,1987-12-01,505
2131,NULL,NULL,1928-09-10,507
164,NULL,NULL,NULL,510
811,NULL,NULL,NULL,511
709,NULL,NULL,NULL,512
346,NULL,NULL,1940-02-07,513
207,NULL,NULL,NULL,517
793,NULL,NULL,1960-05-05,517
400,NULL,NULL,NULL,518
1473,NULL,NULL,NULL,519
1614,NULL,NULL,NULL,521
1841,NULL,NULL,1926-11-06,522
1281,NULL,NULL,1970-08-04,525
1304,NULL,NULL,NULL,525
220,NULL,NULL,1944-06-09,527
764,NULL,NULL,1939-12-09,528
1280,NULL,NULL,1905-05-07,529
1626,NULL,NULL,NULL,531
1517,NULL,NULL,NULL,535
1667,NULL,NULL,1906-10-05,536
1348,NULL,NULL,NULL,543
926,NULL,NULL,1934-08-07,547
326,NULL,NULL,NULL,551
695,NULL,NULL,1907-09-07,551
1589,NULL,NULL,NULL,551
2072,NULL,NULL,1969-05-03,551
1592,NULL,NULL,NULL,555
1823,NULL,NULL,2014-11-06,559
1836,NULL,NULL,1935-07-12,560
155,NULL,NULL,NULL,562
287,NULL,NULL,NULL,564
371,NULL,NULL,1977-12-10,564
75,NULL,NULL,NULL,566
1091,NULL,NULL,1920-06-12,571
555,NULL,NULL,1999-06-03,574
870,NULL,NULL,1944-02-03,575
1635,NULL,NULL,1969-11-06,581
203,NULL,NULL,1950-10-09,584
248,NULL,NULL,1978-02-10,584
1042,NULL,NULL,NULL,590
2205,NULL,NULL,NULL,597
626,NULL,NULL,1922-08-07,598
1913,NULL,NULL,1950-10-10,599
637,NULL,NULL,1908-07-11,600
894,NULL,NULL,NULL,606
1534,NULL,NULL,NULL,611
2007,NULL,NULL,NULL,612
1803,NULL,NULL,NULL,613
1074,NULL,NULL,1908-10-06,619
187,NULL,NULL,NULL,622
1355,NULL,NULL,NULL,624
1596,NULL,NULL,NULL,624
1910,NULL,NULL,2014-07-12,637
88,NULL,NULL,1982-06-01,640
1079,NULL,NULL,NULL,641
1928,NULL,NULL,NULL,642
678,NULL,NULL,1964-11-03,643
103,NULL,NULL,1984-02-10,645
128,NULL,NULL,NULL,648
616,NULL,NULL,1969-01-05,648
820,NULL,NULL,NULL,650
2066,NULL,NULL,NULL,650
1392,NULL,NULL,NULL,652
2218,NULL,NULL,1924-08-02,654
1207,NULL,NULL,1908-08-12,656
609,NULL,NULL,1916-09-07,658
2196,NULL,NULL,NULL,659
928,NULL,NULL,1925-02-11,662
1857,NULL,NULL,NULL,664
1368,NULL,NULL,NULL,669
1766,NULL,NULL,NULL,670
1712,NULL,NULL,NULL,671
1634,NULL,NULL,1966-05-09,672
1824,NULL,NULL,NULL,673
632,NULL,NULL,1902-06-07,674
561,NULL,NULL,1904-06-02,678
345,NULL,NULL,1960-08-05,683
70,NULL,NULL,1942-01-03,684
1186,NULL,NULL,NULL,685
1251,NULL,NULL,NULL,686
792,NULL,NULL,1925-06-08,687
2195,NULL,NULL,1940-08-06,687
670,NULL,NULL,NULL,688
382,NULL,NULL,NULL,691
408,NULL,NULL,NULL,691
1464,NULL,NULL,1983-05-06,692
1227,NULL,NULL,NULL,695
1455,NULL,NULL,NULL,695
763,NULL,NULL,NULL,697
1321,NULL,NULL,NULL,700
1891,NULL,NULL,NULL,700
1,NULL,NULL,1986-10-12,703
175,NULL,NULL,NULL,704
2063,NULL,NULL,NULL,710
236,NULL,NULL,NULL,712
1600,NULL,NULL,1971-02-03,712
815,NULL,NULL,1924-06-06,713
1353,NULL,NULL,1921-05-08,714
126,NULL,NULL,NULL,715
258,NULL,NULL,NULL,718
1542,NULL,NULL,NULL,718
1010,NULL,NULL,NULL,725
946,NULL,NULL,1919-11-09,726
1785,NULL,NULL,NULL,730
2157,NULL,NULL,2003-01-07,730
56,NULL,NULL,NULL,731
1414,NULL,NULL,NULL,733
754,NULL,NULL,1957-11-03,735
2152,NULL,NULL,2012-03-01,735
2026,NULL,NULL,2000-09-11,738
1807,NULL,NULL,NULL,741
18,NULL,NULL,1933-09-07,742
945,NULL,NULL,1946-04-06,743
280,NULL,NULL,NULL,747
1988,NULL,NULL,NULL,752
2103,NULL,NULL,NULL,753
2210,NULL,NULL,1979-01-01,755
939,NULL,NULL,1991-06-12,765
584,NULL,NULL,1981-04-09,766
1975,NULL,NULL,1959-02-08,766
1799,NULL,NULL,NULL,769
1168,NULL,NULL,NULL,770
80,NULL,NULL,1975-03-05,771
2102,NULL,NULL,1949-04-08,773
1099,NULL,NULL,NULL,776
942,NULL,NULL,1988-11-03,780
1031,NULL,NULL,1945-10-04,783
579,NULL,NULL,NULL,791
1673,NULL,NULL,1920-05-03,792
788,NULL,NULL,1926-03-06,793
1128,NULL,NULL,NULL,796
834,NULL,NULL,NULL,805
208,NULL,NULL,NULL,807
1053,NULL,NULL,1932-07-12,807
1954,NULL,NULL,1929-11-03,807
656,NULL,NULL,NULL,808
1293,NULL,NULL,1937-09-11,810
1612,NULL,NULL,NULL,818
2113,NULL,NULL,1972-10-03,819
1049,NULL,NULL,NULL,823
425,NULL,NULL,NULL,825
1436,NULL,NULL,1978-05-09,825
1755,NULL,NULL,NULL,829
1765,NULL,NULL,NULL,832
961,NULL,NULL,NULL,833
1559,NULL,NULL,1973-12-12,833
1734,NULL,NULL,NULL,833
1320,NULL,NULL,NULL,836
2199,NULL,NULL,1926-11-01,838
136,NULL,NULL,NULL,840
205,NULL,NULL,1937-01-03,841
471,NULL,NULL,NULL,841
779,NULL,NULL,1934-01-05,844
1397,NULL,NULL,NULL,844
983,NULL,NULL,NULL,845
1274,NULL,NULL,1923-02-02,851
1467,NULL,NULL,NULL,852
2030,NULL,NULL,NULL,853
68,NULL,NULL,NULL,854
1124,NULL,NULL,NULL,856
467,NULL,NULL,NULL,866
2111,NULL,NULL,NULL,866
319,NULL,NULL,NULL,868
254,NULL,NULL,NULL,869
2054,NULL,NULL,NULL,872
893,NULL,NULL,2013-04-11,873
1708,NULL,NULL,NULL,877
2005,NULL,NULL,NULL,877
757,NULL,NULL,NULL,881
1166,NULL,NULL,1902-05-09,882
1248,NULL,NULL,NULL,887
1775,NULL,NULL,NULL,889
1675,NULL,NULL,1921-06-07,890
1793,NULL,NULL,NULL,890
31,NULL,NULL,NULL,894
27,NULL,NULL,1921-01-01,895
240,NULL,NULL,1929-10-05,895
269,NULL,NULL,NULL,897
1034,NULL,NULL,1901-05-04,897
821,NULL,NULL,NULL,904
57,NULL,NULL,1961-04-02,906
583,NULL,NULL,NULL,910
49,NULL,NULL,1913-03-07,911
1399,NULL,NULL,1941-07-04,912
2061,NULL,NULL,1958-08-11,912
320,NULL,NULL,NULL,913
639,NULL,NULL,1958-02-05,914
250,NULL,NULL,1919-09-04,916
875,NULL,NULL,NULL,916
50,NULL,NULL,1902-08-05,922
2093,NULL,NULL,NULL,923
2125,NULL,NULL,2000-06-05,926
621,NULL,NULL,1988-02-07,927
1100,NULL,NULL,NULL,933
1878,NULL,NULL,NULL,934
813,NULL,NULL,1911-11-06,935
996,NULL,NULL,1944-10-02,937
1428,NULL,NULL,NULL,937
1713,NULL,NULL,1973-08-04,943
1839,NULL,NULL,NULL,951
755,NULL,NULL,1949-11-04,952
602,NULL,NULL,NULL,954
1721,NULL,NULL,NULL,954
1445,NULL,NULL,NULL,955
1640,NULL,NULL,1905-11-04,957
1260,NULL,NULL,NULL,958
20,NULL,NULL,1942-05-10,960
2020,NULL,NULL,1992-02-06,964
1743,NULL,NULL,NULL,965
428,NULL,NULL,1926-06-03,969
1085,NULL,NULL,NULL,970
349,NULL,NULL,NULL,972
1963,NULL,NULL,NULL,976
752,NULL,NULL,NULL,978
460,NULL,NULL,NULL,979
1440,NULL,NULL,NULL,980
545,NULL,NULL,1939-01-06,985
1145,NULL,NULL,NULL,990
1375,NULL,NULL,1992-01-01,990
2071,NULL,NULL,NULL,991
1795,NULL,NULL,1960-07-10,993
1511,NULL,NULL,1918-08-06,997
1826,NULL,NULL,NULL,1000
1033,NULL,NULL,NULL,1001
529,NULL,NULL,NULL,1002
574,NULL,NULL,NULL,1002
1067,NULL,NULL,NULL,1002
1987,NULL,NULL,1922-01-07,1003
666,NULL,NULL,1944-08-10,1007
133,NULL,NULL,1986-10-08,1008
1586,NULL,NULL,1954-06-11,1010
294,NULL,NULL,1938-04-09,1016
2129,NULL,NULL,NULL,1017
729,NULL,NULL,1908-11-10,1019
311,NULL,NULL,1951-08-02,1027
1528,NULL,NULL,2008-03-04,1030
51,NULL,NULL,1968-02-08,1033
1561,NULL,NULL,NULL,1034
564,NULL,NULL,NULL,1037
343,NULL,NULL,NULL,1039
391,NULL,NULL,NULL,1039
1779,NULL,NULL,1925-05-09,1039
1578,NULL,NULL,NULL,1040
1809,NULL,NULL,NULL,1040
2139,NULL,NULL,NULL,1042
134,NULL,NULL,NULL,1045
354,NULL,NULL,1980-01-02,1048
615,NULL,NULL,NULL,1048
2089,NULL,NULL,NULL,1048
661,NULL,NULL,1933-12-08,1056
1725,NULL,NULL,NULL,1056
1994,NULL,NULL,2013-12-10,1056
2172,NULL,NULL,NULL,1058
2222,NULL,NULL,1913-09-07,1058
568,NULL,NULL,1904-01-04,1059
807,NULL,NULL,NULL,1059
1391,NULL,NULL,1912-02-02,1059
1437,NULL,NULL,NULL,1060
1938,NULL,NULL,1912-12-10,1061
1788,NULL,NULL,2003-01-07,1063
1882,NULL,NULL,NULL,1063
1957,NULL,NULL,1911-06-02,1064
988,NULL,NULL,1987-07-10,1067
2074,NULL,NULL,NULL,1068
745,NULL,NULL,1986-04-07,1070
994,NULL,NULL,2001-04-01,1071
1136,NULL,NULL,NULL,1071
1499,NULL,NULL,1979-11-03,1071
2052,NULL,NULL,1998-08-09,1073
1291,NULL,NULL,NULL,1074
129,NULL,NULL,1922-12-05,1077
169,NULL,NULL,1928-08-08,1079
539,NULL,NULL,NULL,1081
1420,NULL,NULL,NULL,1088
1688,NULL,NULL,NULL,1088
1890,NULL,NULL,2013-11-06,1089
1004,NULL,NULL,NULL,1090
2209,NULL,NULL,NULL,1093
540,NULL,NULL,NULL,1096
1736,NULL,NULL,1962-01-08,1096
1417,NULL,NULL,1958-06-02,1099
1495,NULL,NULL,NULL,1101
2055,NULL,NULL,NULL,1101
2059,NULL,NULL,1967-06-11,1111
2170,NULL,NULL,NULL,1111
1365,NULL,NULL,NULL,1113
1352,NULL,NULL,NULL,1114
93,NULL,NULL,NULL,1115
197,NULL,NULL,NULL,1115
196,NULL,NULL,NULL,1117
620,NULL,NULL,1948-05-06,1118
338,NULL,NULL,1997-03-02,1119
770,NULL,NULL,1908-08-12,1119
933,NULL,NULL,NULL,1122
1016,NULL,NULL,NULL,1122
1575,NULL,NULL,NULL,1122
434,NULL,NULL,NULL,1125
1450,NULL,NULL,1986-05-11,1125
1927,NULL,NULL,NULL,1125
768,NULL,NULL,NULL,1131
617,NULL,NULL,NULL,1133
2027,NULL,NULL,1976-03-07,1137
2024,NULL,NULL,NULL,1138
1526,NULL,NULL,NULL,1141
1133,NULL,NULL,NULL,1143
1516,NULL,NULL,NULL,1145
957,NULL,NULL,1990-12-11,1147
2226,NULL,NULL,NULL,1148
120,NULL,NULL,NULL,1151
1240,NULL,NULL,NULL,1151
1815,NULL,NULL,2009-10-06,1152
1833,NULL,NULL,NULL,1155
231,NULL,NULL,1933-05-01,1156
2145,NULL,NULL,NULL,1158
302,NULL,NULL,1982-06-02,1162
1844,NULL,NULL,NULL,1171
1937,NULL,NULL,NULL,1171
571,NULL,NULL,NULL,1173
2217,NULL,NULL,NULL,1174
612,NULL,NULL,NULL,1178
1817,NULL,NULL,1911-04-07,1185
166,NULL,NULL,NULL,1186
521,NULL,NULL,1916-06-06,1187
1453,NULL,NULL,NULL,1188
1147,NULL,NULL,NULL,1191
26,NULL,NULL,NULL,1192
575,NULL,NULL,2012-10-08,1192
1347,NULL,NULL,1986-11-05,1192
1715,NULL,NULL,NULL,1199
1821,NULL,NULL,NULL,1199
2182,NULL,NULL,2004-08-03,1200
180,NULL,NULL,1927-07-11,1201
418,NULL,NULL,1904-01-07,1201
1653,NULL,NULL,NULL,1202
924,NULL,NULL,NULL,1204
954,NULL,NULL,NULL,1204
710,NULL,NULL,NULL,1206
1603,NULL,NULL,1925-04-12,1209
238,NULL,NULL,NULL,1210
775,NULL,NULL,1908-08-04,1210
1070,NULL,NULL,NULL,1211
1337,NULL,NULL,NULL,1212
2068,NULL,NULL,NULL,1212
1451,NULL,NULL,1937-05-03,1215
275,NULL,NULL,NULL,1216
307,NULL,NULL,NULL,1217
1149,NULL,NULL,NULL,1217
630,NULL,NULL,NULL,1222
783,NULL,NULL,1945-12-12,1226
1383,NULL,NULL,NULL,1226
773,NULL,NULL,1965-10-11,1227
1090,NULL,NULL,NULL,1233
463,NULL,NULL,NULL,1234
1140,NULL,NULL,1963-10-01,1234
863,NULL,NULL,1940-08-11,1235
1446,NULL,NULL,NULL,1235
1639,NULL,NULL,NULL,1239
1196,NULL,NULL,1991-09-12,1240
838,NULL,NULL,NULL,1241
1386,NULL,NULL,1923-06-04,1243
692,NULL,NULL,2008-10-10,1247
896,NULL,NULL,NULL,1247
978,NULL,NULL,NULL,1247
635,NULL,NULL,NULL,1248
2091,NULL,NULL,1982-12-02,1248
1216,NULL,NULL,1927-12-05,1249
112,NULL,NULL,1941-06-05,1252
43,NULL,NULL,NULL,1256
1576,NULL,NULL,1989-08-02,1259
547,NULL,NULL,NULL,1262
157,NULL,NULL,1981-07-06,1263
832,NULL,NULL,1902-10-07,1264
660,NULL,NULL,NULL,1268
1198,NULL,NULL,NULL,1269
1606,NULL,NULL,1908-05-08,1269
890,NULL,NULL,NULL,1272
1192,NULL,NULL,NULL,1272
958,NULL,NULL,1960-06-09,1274
1295,NULL,NULL,NULL,1274
700,NULL,NULL,NULL,1275
769,NULL,NULL,NULL,1277
1441,NULL,NULL,1950-06-03,1277
2150,NULL,NULL,1998-02-09,1278
891,NULL,NULL,1963-04-05,1279
2048,NULL,NULL,NULL,1279
1357,NULL,NULL,NULL,1285
789,NULL,NULL,NULL,1287
1822,NULL,NULL,NULL,1287
38,NULL,NULL,NULL,1289
74,NULL,NULL,1965-02-03,1289
750,NULL,NULL,NULL,1290
2047,NULL,NULL,NULL,1290
1143,NULL,NULL,2010-01-12,1291
1953,NULL,NULL,1955-02-01,1294
1160,NULL,NULL,1904-04-07,1296
1537,NULL,NULL,1981-08-02,1299
1086,NULL,NULL,1968-11-02,1301
1190,NULL,NULL,2002-11-09,1301
2225,NULL,NULL,NULL,1304
986,NULL,NULL,1934-10-01,1305
2016,NULL,NULL,NULL,1309
1655,NULL,NULL,1959-09-06,1313
253,NULL,NULL,NULL,1319
397,NULL,NULL,1956-04-05,1319
1361,NULL,NULL,1909-07-09,1327
925,NULL,NULL,1993-04-11,1329
1039,NULL,NULL,1910-03-12,1330
105,NULL,NULL,NULL,1332
1188,NULL,NULL,NULL,1333
1346,NULL,NULL,1984-02-06,1334
366,NULL,NULL,1927-05-04,1335
1536,NULL,NULL,NULL,1336
969,NULL,NULL,NULL,1338
1484,NULL,NULL,1962-02-12,1345
2009,NULL,NULL,1966-11-01,1349
64,NULL,NULL,NULL,1350
100,NULL,NULL,1906-04-10,1350
619,NULL,NULL,NULL,1351
548,NULL,NULL,NULL,1352
223,NULL,NULL,1998-04-01,1354
2155,NULL,NULL,NULL,1354
2233,NULL,NULL,1993-07-08,1355
171,NULL,NULL,1984-04-05,1357
719,NULL,NULL,NULL,1361
2151,NULL,NULL,NULL,1363
1284,NULL,NULL,NULL,1373
1300,NULL,NULL,NULL,1379
1643,NULL,NULL,1917-03-08,1379
1695,NULL,NULL,1920-09-04,1379
273,NULL,NULL,NULL,1381
1329,NULL,NULL,NULL,1383
1874,NULL,NULL,NULL,1386
450,NULL,NULL,NULL,1391
1230,NULL,NULL,NULL,1393
1936,NULL,NULL,NULL,1395
90,NULL,NULL,1964-11-12,1397
949,NULL,NULL,NULL,1401
2211,NULL,NULL,NULL,1402
1252,NULL,NULL,NULL,1404
1476,NULL,NULL,NULL,1404
1541,NULL,NULL,NULL,1407
1307,NULL,NULL,NULL,1412
952,NULL,NULL,1960-09-11,1415
1487,NULL,NULL,NULL,1415
931,NULL,NULL,2004-09-07,1417
1013,NULL,NULL,NULL,1423
387,NULL,NULL,1997-09-02,1425
476,NULL,NULL,NULL,1425
1206,NULL,NULL,NULL,1429
849,NULL,NULL,1910-11-07,1430
2051,NULL,NULL,NULL,1430
1749,NULL,NULL,NULL,1433
39,NULL,NULL,NULL,1436
409,NULL,NULL,1949-05-04,1436
210,NULL,NULL,1910-06-01,1437
192,NULL,NULL,NULL,1439
1756,NULL,NULL,NULL,1439
852,NULL,NULL,NULL,1440
1020,NULL,NULL,NULL,1440
1360,NULL,NULL,1966-10-10,1443
853,NULL,NULL,NULL,1444
342,NULL,NULL,NULL,1445
1268,NULL,NULL,NULL,1446
2002,NULL,NULL,NULL,1446
2224,NULL,NULL,NULL,1447
1772,NULL,NULL,1901-08-10,1449
864,NULL,NULL,1921-01-10,1452
862,NULL,NULL,1940-12-09,1454
1863,NULL,NULL,1969-11-03,1454
470,NULL,NULL,NULL,1457
2191,NULL,NULL,NULL,1457
2144,NULL,NULL,NULL,1460
930,NULL,NULL,NULL,1461
2231,NULL,NULL,NULL,1463
1051,NULL,NULL,NULL,1465
1666,NULL,NULL,NULL,1465
1159,NULL,NULL,NULL,1468
913,NULL,NULL,1981-05-07,1471
121,NULL,NULL,NULL,1472
1296,NULL,NULL,NULL,1472
724,NULL,NULL,NULL,1476
1880,NULL,NULL,NULL,1478
1926,NULL,NULL,NULL,1480
2215,NULL,NULL,1962-09-06,1486
1197,NULL,NULL,NULL,1487
1454,NULL,NULL,1924-07-07,1487
188,NULL,NULL,NULL,1490
1384,NULL,NULL,NULL,1495
1174,NULL,NULL,1902-12-06,1498
1439,NULL,NULL,1938-02-06,1504
920,NULL,NULL,NULL,1506
956,NULL,NULL,1953-04-06,1508
971,NULL,NULL,NULL,1508
301,NULL,NULL,NULL,1510
1599,NULL,NULL,1948-07-03,1510
636,NULL,NULL,1902-05-10,1511
1840,NULL,NULL,NULL,1514
1173,NULL,NULL,1926-08-07,1516
181,NULL,NULL,NULL,1517
290,NULL,NULL,NULL,1518
388,NULL,NULL,1957-12-10,1518
506,NULL,NULL,NULL,1519
1692,NULL,NULL,NULL,1519
1249,NULL,NULL,NULL,1527
2164,NULL,NULL,1905-12-08,1527
604,NULL,NULL,1977-11-02,1528
1982,NULL,NULL,NULL,1530
1150,NULL,NULL,NULL,1535
200,NULL,NULL,1953-11-05,1536
778,NULL,NULL,NULL,1537
147,NULL,NULL,1928-04-06,1542
614,NULL,NULL,NULL,1544
1483,NULL,NULL,2006-11-10,1545
271,NULL,NULL,NULL,1546
1231,NULL,NULL,NULL,1546
1690,NULL,NULL,NULL,1546
483,NULL,NULL,NULL,1547
1531,NULL,NULL,NULL,1550
1208,NULL,NULL,1951-02-03,1552
831,NULL,NULL,NULL,1561
743,NULL,NULL,NULL,1564
1939,NULL,NULL,1907-02-07,1568
2088,NULL,NULL,1983-08-02,1570
436,NULL,NULL,2016-06-11,1571
1883,NULL,NULL,NULL,1574
1520,NULL,NULL,1951-09-07,1577
1547,NULL,NULL,1921-06-04,1578
1189,NULL,NULL,1967-04-10,1582
1457,NULL,NULL,NULL,1588
410,NULL,NULL,1995-05-02,1589
407,NULL,NULL,1967-05-01,1591
2043,NULL,NULL,NULL,1596
1514,NULL,NULL,2002-02-03,1601
1214,NULL,NULL,NULL,1605
439,NULL,NULL,2013-04-04,1607
1158,NULL,NULL,NULL,1607
1710,NULL,NULL,1923-09-11,1608
73,NULL,NULL,1991-11-06,1609
94,NULL,NULL,NULL,1610
445,NULL,NULL,NULL,1611
953,NULL,NULL,NULL,1611
1524,NULL,NULL,NULL,1613
162,NULL,NULL,NULL,1614
1338,NULL,NULL,1910-03-03,1616
2128,NULL,NULL,2004-07-05,1617
501,NULL,NULL,1996-10-12,1618
1115,NULL,NULL,NULL,1620
859,NULL,NULL,NULL,1621
1918,NULL,NULL,NULL,1624
419,NULL,NULL,NULL,1629
746,NULL,NULL,1990-06-12,1630
283,NULL,NULL,NULL,1631
2031,NULL,NULL,1908-03-05,1632
323,NULL,NULL,NULL,1634
576,NULL,NULL,NULL,1635
429,NULL,NULL,NULL,1638
856,NULL,NULL,NULL,1638
980,NULL,NULL,1911-02-12,1640
179,NULL,NULL,2015-11-01,1642
955,NULL,NULL,1985-11-04,1644
963,NULL,NULL,NULL,1645
1462,NULL,NULL,2010-06-01,1645
440,NULL,NULL,NULL,1646
835,NULL,NULL,1902-06-03,1650
1117,NULL,NULL,1905-10-08,1653
1701,NULL,NULL,NULL,1654
469,NULL,NULL,1937-08-11,1658
1916,NULL,NULL,NULL,1659
1503,NULL,NULL,NULL,1662
2177,NULL,NULL,NULL,1666
16,NULL,NULL,NULL,1668
1657,NULL,NULL,1905-04-08,1670
841,NULL,NULL,NULL,1673
1571,NULL,NULL,1935-02-11,1677
1269,NULL,NULL,NULL,1678
361,NULL,NULL,NULL,1679
1113,NULL,NULL,NULL,1684
341,NULL,NULL,NULL,1685
2228,NULL,NULL,NULL,1686
1580,NULL,NULL,1951-02-09,1687
33,NULL,NULL,1940-12-05,1690
641,NULL,NULL,NULL,1695
1979,NULL,NULL,NULL,1699
1652,NULL,NULL,1997-03-09,1700
667,NULL,NULL,1966-04-05,1703
1286,NULL,NULL,2011-04-05,1704
1714,NULL,NULL,NULL,1704
1226,NULL,NULL,NULL,1705
509,NULL,NULL,NULL,1708
671,NULL,NULL,NULL,1709
478,NULL,NULL,NULL,1710
936,NULL,NULL,1947-09-09,1712
749,NULL,NULL,1915-05-08,1718
1379,NULL,NULL,NULL,1718
485,NULL,NULL,1986-04-10,1726
1398,NULL,NULL,NULL,1727
1518,NULL,NULL,NULL,1727
911,NULL,NULL,NULL,1732
213,NULL,NULL,NULL,1735
370,NULL,NULL,1925-05-09,1741
441,NULL,NULL,1944-09-07,1741
1108,NULL,NULL,1936-01-08,1743
1875,NULL,NULL,1936-08-03,1744
1162,NULL,NULL,NULL,1746
63,NULL,NULL,2005-05-12,1747
1081,NULL,NULL,NULL,1747
1981,NULL,NULL,NULL,1747
66,NULL,NULL,1951-02-01,1748
1324,NULL,NULL,NULL,1748
380,NULL,NULL,NULL,1753
739,NULL,NULL,NULL,1758
1266,NULL,NULL,1928-01-11,1758
2138,NULL,NULL,1988-02-11,1758
1491,NULL,NULL,NULL,1762
81,NULL,NULL,NULL,1764
232,NULL,NULL,2005-07-02,1766
1176,NULL,NULL,NULL,1768
1629,NULL,NULL,NULL,1768
557,NULL,NULL,1939-01-02,1773
1609,NULL,NULL,NULL,1775
1533,NULL,NULL,1946-09-12,1776
723,NULL,NULL,NULL,1785
1388,NULL,NULL,NULL,1786
201,NULL,NULL,2001-07-01,1787
879,NULL,NULL,1962-07-06,1791
138,NULL,NULL,1975-01-11,1792
603,NULL,NULL,NULL,1793
1057,NULL,NULL,NULL,1793
1605,NULL,NULL,NULL,1794
2094,NULL,NULL,NULL,1794
446,NULL,NULL,NULL,1795
790,NULL,NULL,NULL,1797
1183,NULL,NULL,NULL,1798
2114,NULL,NULL,NULL,1799
495,NULL,NULL,NULL,1803
809,NULL,NULL,1914-10-10,1804
21,NULL,NULL,NULL,1808
1493,NULL,NULL,1913-11-07,1816
1562,NULL,NULL,1907-08-05,1819
1684,NULL,NULL,NULL,1819
2084,NULL,NULL,NULL,1819
278,NULL,NULL,NULL,1820
1404,NULL,NULL,1939-04-03,1823
659,NULL,NULL,NULL,1834
1438,NULL,NULL,NULL,1834
1949,NULL,NULL,NULL,1834
1796,NULL,NULL,NULL,1835
818,NULL,NULL,NULL,1836
402,NULL,NULL,NULL,1838
289,NULL,NULL,1980-02-05,1841
689,NULL,NULL,1979-11-03,1841
325,NULL,NULL,NULL,1843
1739,NULL,NULL,NULL,1843
87,NULL,NULL,NULL,1844
48,NULL,NULL,NULL,1845
715,NULL,NULL,NULL,1845
1607,NULL,NULL,1919-03-06,1846
693,NULL,NULL,NULL,1847
727,NULL,NULL,NULL,1848
1615,NULL,NULL,1993-10-05,1848
1028,NULL,NULL,1961-04-07,1850
1234,NULL,NULL,NULL,1855
2062,NULL,NULL,NULL,1857
1888,NULL,NULL,1911-10-10,1858
1494,NULL,NULL,NULL,1859
2035,NULL,NULL,1991-07-02,1860
2042,NULL,NULL,1928-09-11,1861
252,NULL,NULL,1925-04-01,1864
291,NULL,NULL,NULL,1864
54,NULL,NULL,NULL,1871
401,NULL,NULL,1913-05-07,1883
449,NULL,NULL,NULL,1883
573,NULL,NULL,NULL,1883
186,NULL,NULL,1935-05-09,1885
543,NULL,NULL,2014-06-05,1886
608,NULL,NULL,NULL,1886
867,NULL,NULL,1980-05-12,1888
102,NULL,NULL,NULL,1889
1367,NULL,NULL,NULL,1890
206,NULL,NULL,NULL,1891
1718,NULL,NULL,1966-06-01,1891
52,NULL,NULL,NULL,1893
1898,NULL,NULL,1916-06-04,1897
2017,NULL,NULL,NULL,1901
1161,NULL,NULL,1960-04-08,1905
1050,NULL,NULL,1926-02-12,1906
2117,NULL,NULL,NULL,1913
1522,NULL,NULL,NULL,1914
4,NULL,NULL,NULL,1921
379,NULL,NULL,NULL,1922
2060,NULL,NULL,1970-08-04,1923
158,NULL,NULL,NULL,1927
1879,NULL,NULL,NULL,1929
570,NULL,NULL,NULL,1931
984,NULL,NULL,NULL,1935
1402,NULL,NULL,2011-10-09,1935
199,NULL,NULL,NULL,1938
2019,NULL,NULL,NULL,1938
161,NULL,NULL,2003-02-07,1943
1552,NULL,NULL,NULL,1943
190,NULL,NULL,1939-12-07,1946
413,NULL,NULL,NULL,1948
1078,NULL,NULL,1943-04-09,1948
1622,NULL,NULL,NULL,1948
1215,NULL,NULL,2003-08-05,1950
1986,NULL,NULL,NULL,1952
2004,NULL,NULL,NULL,1957
756,NULL,NULL,NULL,1958
1411,NULL,NULL,NULL,1965
1985,NULL,NULL,NULL,1965
2014,NULL,NULL,NULL,1967
426,NULL,NULL,2011-07-04,1972
923,NULL,NULL,NULL,1972
907,NULL,NULL,NULL,1976
1228,NULL,NULL,NULL,1976
3,NULL,NULL,1974-02-09,1977
1040,NULL,NULL,NULL,1983
396,NULL,NULL,1953-11-06,1984
1132,NULL,NULL,NULL,1984
731,NULL,NULL,1924-04-02,1986
1072,NULL,NULL,1992-11-08,1986
1616,NULL,NULL,NULL,1990
2011,NULL,NULL,NULL,1992
2107,NULL,NULL,2014-01-08,1993
836,NULL,NULL,NULL,1994
353,NULL,NULL,NULL,1995
2146,NULL,NULL,NULL,1995
1641,NULL,NULL,NULL,1998
1245,NULL,NULL,NULL,2007
1750,NULL,NULL,1967-06-01,2011
647,NULL,NULL,NULL,2012
1500,NULL,NULL,1956-03-01,2014
519,NULL,NULL,1958-10-04,2017
590,NULL,NULL,NULL,2018
1064,NULL,NULL,1933-11-10,2018
2189,NULL,NULL,1985-04-09,2023
587,NULL,NULL,1965-02-04,2027
416,NULL,NULL,1926-10-09,2033
14,NULL,NULL,NULL,2036
328,NULL,NULL,NULL,2037
1557,NULL,NULL,NULL,2039
315,NULL,NULL,NULL,2046
767,NULL,NULL,1990-02-03,2048
878,NULL,NULL,NULL,2049
1915,NULL,NULL,NULL,2050
1923,NULL,NULL,1978-09-10,2053
145,NULL,NULL,NULL,2054
443,NULL,NULL,NULL,2056
1032,NULL,NULL,NULL,2056
386,NULL,NULL,1919-02-02,2057
1968,NULL,NULL,NULL,2059
53,NULL,NULL,NULL,2061
347,NULL,NULL,2008-05-12,2064
1813,NULL,NULL,1989-06-05,2066
2232,NULL,NULL,NULL,2066
887,NULL,NULL,1968-11-10,2068
1644,NULL,NULL,NULL,2071
2212,NULL,NULL,NULL,2071
874,NULL,NULL,NULL,2075
1867,NULL,NULL,NULL,2076
797,NULL,NULL,1931-02-02,2077
1241,NULL,NULL,NULL,2079
1209,NULL,NULL,NULL,2084
591,NULL,NULL,NULL,2089
2147,NULL,NULL,NULL,2089
618,NULL,NULL,NULL,2095
151,NULL,NULL,1961-04-02,2096
1590,NULL,NULL,NULL,2099
2173,NULL,NULL,NULL,2101
300,NULL,NULL,NULL,2103
850,NULL,NULL,NULL,2106
1869,NULL,NULL,NULL,2110
189,NULL,NULL,NULL,2113
1780,NULL,NULL,1959-09-07,2113
932,NULL,NULL,1927-10-03,2114
417,NULL,NULL,1925-11-11,2116
1610,NULL,NULL,1969-01-04,2118
1573,NULL,NULL,1976-01-04,2119
1679,NULL,NULL,1940-10-04,2119
858,NULL,NULL,1960-05-02,2121
1904,NULL,NULL,1921-03-09,2123
1344,NULL,NULL,NULL,2125
1551,NULL,NULL,1996-05-04,2125
415,NULL,NULL,NULL,2128
512,NULL,NULL,NULL,2128
827,NULL,NULL,1909-10-01,2131
2038,NULL,NULL,1907-09-09,2132
2065,NULL,NULL,NULL,2133
113,NULL,NULL,NULL,2138
170,NULL,NULL,NULL,2139
1102,NULL,NULL,2016-05-04,2143
32,NULL,NULL,NULL,2145
713,NULL,NULL,NULL,2145
295,NULL,NULL,1906-11-06,2147
118,NULL,NULL,1967-02-09,2152
714,NULL,NULL,1914-01-07,2153
444,NULL,NULL,NULL,2156
1363,NULL,NULL,NULL,2156
1955,NULL,NULL,1947-04-01,2159
1956,NULL,NULL,1906-02-09,2169
1181,NULL,NULL,NULL,2170
1540,NULL,NULL,2016-02-07,2170
2149,NULL,NULL,NULL,2172
2171,NULL,NULL,2016-09-10,2174
1424,NULL,NULL,NULL,2177
251,NULL,NULL,1932-05-03,2179
305,NULL,NULL,NULL,2179
77,NULL,NULL,NULL,2180
1314,NULL,NULL,1989-08-06,2180
855,NULL,NULL,1968-10-06,2184
917,NULL,NULL,1992-09-12,2184
1350,NULL,NULL,1904-04-12,2184
895,NULL,NULL,1916-10-07,2187
1717,NULL,NULL,NULL,2188
464,NULL,NULL,NULL,2189
1819,NULL,NULL,1941-04-08,2189
1945,NULL,NULL,NULL,2189
486,NULL,NULL,NULL,2193
1728,NULL,NULL,1955-04-08,2195
1098,NULL,NULL,NULL,2196
1583,NULL,NULL,NULL,2205
1971,NULL,NULL,NULL,2207
309,NULL,NULL,1909-04-05,2212
1648,NULL,NULL,NULL,2213
1015,NULL,NULL,NULL,2219
927,NULL,NULL,NULL,2223
284,NULL,NULL,1993-05-09,2228
1212,NULL,NULL,NULL,2228
753,NULL,NULL,NULL,2229
1850,NULL,NULL,2006-10-08,2233
1727,NULL,NULL,1932-08-10,2236
2175,NULL,NULL,1970-04-03,2247
2040,NULL,NULL,NULL,2251
1401,NULL,NULL,NULL,2252
1861,NULL,NULL,1943-01-05,2252
430,NULL,NULL,1929-04-09,2255
40,NULL,NULL,NULL,2256
672,NULL,NULL,NULL,2256
1452,NULL,NULL,NULL,2259
998,NULL,NULL,1920-01-08,2260
1854,NULL,NULL,NULL,2262
270,NULL,NULL,1924-08-11,2263
2123,NULL,NULL,NULL,2263
462,NULL,NULL,1942-02-01,2269
538,NULL,NULL,1953-05-03,2270
1273,NULL,NULL,1985-03-09,2272
1830,NULL,NULL,2009-11-08,2274
389,NULL,NULL,NULL,2279
473,NULL,NULL,NULL,2284
1267,NULL,NULL,NULL,2285
1418,NULL,NULL,NULL,2287
1426,NULL,NULL,2006-11-03,2288
1544,NULL,NULL,NULL,2289
1390,NULL,NULL,NULL,2291
1142,NULL,NULL,NULL,2298
2186,NULL,NULL,NULL,2299
195,NULL,NULL,NULL,2307
1911,NULL,NULL,NULL,2309
1478,NULL,NULL,NULL,2312
2079,NULL,NULL,NULL,2312
898,NULL,NULL,1990-12-07,2313
168,NULL,NULL,NULL,2314
499,NULL,NULL,NULL,2314
1909,NULL,NULL,NULL,2314
1834,NULL,NULL,1982-02-10,2321
640,NULL,NULL,NULL,2323
684,NULL,NULL,NULL,2326
1022,NULL,NULL,2008-09-11,2326
795,NULL,NULL,NULL,2332
1262,NULL,NULL,1910-10-03,2332
1359,NULL,NULL,NULL,2335
975,NULL,NULL,NULL,2336
1856,NULL,NULL,1927-01-05,2336
1036,NULL,NULL,NULL,2338
766,NULL,NULL,NULL,2339
2132,NULL,NULL,1978-03-01,2346
404,NULL,NULL,NULL,2348
229,NULL,NULL,NULL,2349
1087,NULL,NULL,1913-09-06,2358
1218,NULL,NULL,2001-12-08,2362
194,NULL,NULL,NULL,2365
1906,NULL,NULL,NULL,2366
2165,NULL,NULL,2013-05-12,2367
2029,NULL,NULL,NULL,2369
682,NULL,NULL,NULL,2371
704,NULL,NULL,2011-06-08,2373
1651,NULL,NULL,1930-10-03,2374
865,NULL,NULL,NULL,2379
2013,NULL,NULL,1973-06-08,2380
91,NULL,NULL,NULL,2386
337,NULL,NULL,1920-09-10,2386
62,NULL,NULL,2002-11-10,2387
694,NULL,NULL,1998-04-03,2391
1170,NULL,NULL,2002-11-03,2391
1111,NULL,NULL,NULL,2396
691,NULL,NULL,1911-02-02,2399
2135,NULL,NULL,1967-11-07,2399
534,NULL,NULL,1974-09-02,2400
1978,NULL,NULL,1922-01-03,2400
607,NULL,NULL,1999-03-04,2403
1151,NULL,NULL,NULL,2403
1165,NULL,NULL,1920-08-11,2403
1782,NULL,NULL,NULL,2403
1045,NULL,NULL,NULL,2404
1279,NULL,NULL,2014-07-08,2404
839,NULL,NULL,1908-08-12,2405
1948,NULL,NULL,1927-03-10,2405
1364,NULL,NULL,NULL,2408
1354,NULL,NULL,1967-07-10,2409
1485,NULL,NULL,1962-06-10,2409
154,NULL,NULL,NULL,2410
909,NULL,NULL,NULL,2415
950,NULL,NULL,1983-03-11,2416
115,NULL,NULL,1955-07-07,2417
2108,NULL,NULL,NULL,2418
1297,NULL,NULL,NULL,2419
977,NULL,NULL,1940-05-12,2425
1157,NULL,NULL,NULL,2425
1120,NULL,NULL,NULL,2431
1720,NULL,NULL,NULL,2437
951,NULL,NULL,1902-04-03,2438
740,NULL,NULL,NULL,2440
1126,NULL,NULL,NULL,2443
1023,NULL,NULL,NULL,2446
1030,NULL,NULL,1981-04-05,2446
406,NULL,NULL,NULL,2447
1152,NULL,NULL,NULL,2448
233,NULL,NULL,NULL,2450
59,NULL,NULL,1923-02-12,2458
1832,NULL,NULL,1984-12-05,2461
2198,NULL,NULL,1967-03-01,2461
82,NULL,NULL,NULL,2463
645,NULL,NULL,1933-12-07,2465
1742,NULL,NULL,NULL,2467
1724,NULL,NULL,1967-05-09,2469
1831,NULL,NULL,NULL,2469
41,NULL,NULL,1932-07-02,2475
2221,NULL,NULL,1955-10-10,2476
1550,NULL,NULL,2003-10-11,2480
801,NULL,NULL,1988-04-07,2487
1342,NULL,NULL,NULL,2488
973,NULL,NULL,NULL,2490
1625,NULL,NULL,NULL,2490
1855,NULL,NULL,1979-09-09,2493
1838,NULL,NULL,1957-12-12,2497
1063,NULL,NULL,NULL,2498
454,NULL,NULL,NULL,2501
1664,NULL,NULL,1911-07-01,2501
1579,NULL,NULL,NULL,2502
377,NULL,NULL,NULL,2503
1092,NULL,NULL,2002-08-12,2503
2101,NULL,NULL,1967-09-12,2503
1752,NULL,NULL,NULL,2505
1828,NULL,NULL,1943-04-10,2508
2022,NULL,NULL,1987-03-02,2512
1271,NULL,NULL,NULL,2517
1109,NULL,NULL,1968-12-10,2524
1336,NULL,NULL,NULL,2525
1238,NULL,NULL,NULL,2527
1422,NULL,NULL,NULL,2527
282,NULL,NULL,NULL,2528
453,NULL,NULL,NULL,2538
2095,NULL,NULL,1986-06-10,2544
2083,NULL,NULL,1905-12-03,2545
629,NULL,NULL,NULL,2546
1097,NULL,NULL,1914-11-03,2552
1373,NULL,NULL,NULL,2552
2008,NULL,NULL,NULL,2553
623,NULL,NULL,NULL,2555
687,NULL,NULL,NULL,2555
1806,NULL,NULL,NULL,2558
2187,NULL,NULL,NULL,2559
761,NULL,NULL,NULL,2562
860,NULL,NULL,NULL,2562
2064,NULL,NULL,NULL,2564
375,NULL,NULL,NULL,2565
760,NULL,NULL,NULL,2571
944,NULL,NULL,2011-01-06,2572
1204,NULL,NULL,NULL,2574
774,NULL,NULL,NULL,2575
1931,NULL,NULL,2009-08-04,2578
2106,NULL,NULL,1991-05-08,2586
528,NULL,NULL,1995-03-04,2594
1790,NULL,NULL,1932-07-02,2594
1222,NULL,NULL,NULL,2600
1705,NULL,NULL,1904-05-12,2608
1753,NULL,NULL,NULL,2609
263,NULL,NULL,2003-02-06,2614
1172,NULL,NULL,NULL,2615
1709,NULL,NULL,1967-03-05,2615
1802,NULL,NULL,NULL,2615
541,NULL,NULL,NULL,2620
634,NULL,NULL,NULL,2628
1191,NULL,NULL,NULL,2629
1319,NULL,NULL,2009-03-05,2629
669,NULL,NULL,1966-02-03,2630
277,NULL,NULL,1901-03-09,2631
1223,NULL,NULL,1939-08-07,2632
1116,NULL,NULL,NULL,2633
1757,NULL,NULL,NULL,2635
1264,NULL,NULL,NULL,2636
1761,NULL,NULL,NULL,2640
741,NULL,NULL,NULL,2642
549,NULL,NULL,NULL,2647
546,NULL,NULL,NULL,2650
1716,NULL,NULL,1990-05-11,2650
981,NULL,NULL,NULL,2651
673,NULL,NULL,NULL,2654
1408,NULL,NULL,NULL,2656
1261,NULL,NULL,NULL,2658
2193,NULL,NULL,NULL,2659
423,NULL,NULL,2009-06-03,2661
268,NULL,NULL,NULL,2665
1820,NULL,NULL,1950-08-06,2667
1681,NULL,NULL,1940-08-01,2670
1292,NULL,NULL,NULL,2671
124,NULL,NULL,1933-04-11,2677
488,NULL,NULL,1985-11-04,2677
1929,NULL,NULL,1928-05-01,2678
1229,NULL,NULL,NULL,2679
1538,NULL,NULL,NULL,2680
1123,NULL,NULL,NULL,2683
1762,NULL,NULL,1968-12-11,2686
1256,NULL,NULL,1913-04-01,2687
559,NULL,NULL,NULL,2688
1662,NULL,NULL,1960-03-11,2692
1018,NULL,NULL,NULL,2700
1509,NULL,NULL,NULL,2703
947,NULL,NULL,1950-10-10,2723
1925,NULL,NULL,1993-07-02,2727
327,NULL,NULL,NULL,2729
1764,NULL,NULL,1904-08-05,2729
1770,NULL,NULL,NULL,2729
308,NULL,NULL,NULL,2730
1999,NULL,NULL,NULL,2730
2056,NULL,NULL,NULL,2730
351,NULL,NULL,NULL,2736
560,NULL,NULL,1972-12-09,2741
585,NULL,NULL,NULL,2745
484,NULL,NULL,1968-08-04,2746
657,NULL,NULL,1918-08-08,2747
1760,NULL,NULL,1982-04-05,2747
662,NULL,NULL,NULL,2752
1991,NULL,NULL,NULL,2752
868,NULL,NULL,NULL,2756
1444,NULL,NULL,NULL,2757
964,NULL,NULL,1964-08-08,2759
1682,NULL,NULL,NULL,2763
690,NULL,NULL,1976-04-02,2765
1847,NULL,NULL,1905-04-11,2765
2142,NULL,NULL,1928-04-04,2766
1465,NULL,NULL,1922-11-01,2768
71,NULL,NULL,1933-12-03,2769
1613,NULL,NULL,1935-11-06,2773
533,NULL,NULL,NULL,2781
1276,NULL,NULL,1989-05-03,2782
1566,NULL,NULL,1957-10-02,2786
2154,NULL,NULL,NULL,2786
685,NULL,NULL,NULL,2792
1678,NULL,NULL,1913-05-01,2792
1849,NULL,NULL,1926-12-03,2795
916,NULL,NULL,NULL,2796
808,NULL,NULL,NULL,2800
516,NULL,NULL,NULL,2808
1415,NULL,NULL,NULL,2816
2122,NULL,NULL,1916-05-12,2819
234,NULL,NULL,NULL,2820
1339,NULL,NULL,NULL,2820
2140,NULL,NULL,1922-08-04,2822
1376,NULL,NULL,NULL,2823
285,NULL,NULL,1975-10-08,2828
903,NULL,NULL,NULL,2830
334,NULL,NULL,1921-04-09,2832
935,NULL,NULL,NULL,2835
1096,NULL,NULL,1916-08-07,2838
2058,NULL,NULL,NULL,2838
742,NULL,NULL,NULL,2839
1259,NULL,NULL,NULL,2839
1632,NULL,NULL,1932-02-07,2839
339,NULL,NULL,NULL,2842
702,NULL,NULL,NULL,2846
1601,NULL,NULL,NULL,2852
1893,NULL,NULL,1920-01-05,2856
2115,NULL,NULL,1972-01-08,2858
123,NULL,NULL,NULL,2867
1748,NULL,NULL,1912-11-02,2867
976,NULL,NULL,NULL,2868
1638,NULL,NULL,NULL,2869
508,NULL,NULL,1936-07-04,2871
886,NULL,NULL,NULL,2872
2006,NULL,NULL,NULL,2872
494,NULL,NULL,1952-04-10,2874
362,NULL,NULL,NULL,2875
373,NULL,NULL,NULL,2876
737,NULL,NULL,NULL,2876
101,NULL,NULL,2003-12-12,2878
1851,NULL,NULL,1992-10-04,2879
1933,NULL,NULL,1975-11-04,2882
109,NULL,NULL,NULL,2883
2158,NULL,NULL,NULL,2891
1351,NULL,NULL,NULL,2893
212,NULL,NULL,1942-03-12,2896
628,NULL,NULL,NULL,2897
1886,NULL,NULL,1993-05-11,2898
1595,NULL,NULL,1966-08-01,2899
1723,NULL,NULL,1939-09-08,2899
1598,NULL,NULL,NULL,2900
572,NULL,NULL,NULL,2901
480,NULL,NULL,NULL,2903
972,NULL,NULL,NULL,2904
1167,NULL,NULL,NULL,2905
1773,NULL,NULL,NULL,2909
1371,NULL,NULL,NULL,2912
624,NULL,NULL,NULL,2913
799,NULL,NULL,1920-05-03,2913
497,NULL,NULL,1972-05-03,2917
2134,NULL,NULL,NULL,2917
1265,NULL,NULL,NULL,2919
1884,NULL,NULL,NULL,2919
847,NULL,NULL,NULL,2924
1114,NULL,NULL,1966-10-04,2925
2049,NULL,NULL,NULL,2925
1719,NULL,NULL,NULL,2927
427,NULL,NULL,NULL,2928
1907,NULL,NULL,NULL,2928
1842,NULL,NULL,1968-07-04,2929
165,NULL,NULL,1952-07-08,2931
76,NULL,NULL,NULL,2936
1730,NULL,NULL,1936-04-03,2936
523,NULL,NULL,1990-11-03,2937
730,NULL,NULL,NULL,2938
303,NULL,NULL,2001-10-04,2939
355,NULL,NULL,NULL,2939
680,NULL,NULL,NULL,2939
1553,NULL,NULL,NULL,2939
744,NULL,NULL,NULL,2940
1257,NULL,NULL,NULL,2940
1413,NULL,NULL,NULL,2946
701,NULL,NULL,1966-05-12,2947
897,NULL,NULL,2001-06-01,2950
1038,NULL,NULL,NULL,2950
537,NULL,NULL,NULL,2959
1403,NULL,NULL,1974-01-09,2960
322,NULL,NULL,1953-05-02,2961
1138,NULL,NULL,1947-11-09,2961
374,NULL,NULL,NULL,2966
703,NULL,NULL,1912-12-01,2966
803,NULL,NULL,NULL,2967
829,NULL,NULL,1924-05-01,2967
747,NULL,NULL,NULL,2969
12,NULL,NULL,NULL,2971
2118,NULL,NULL,NULL,2971
340,NULL,NULL,NULL,2976
830,NULL,NULL,1988-07-09,2977
142,NULL,NULL,NULL,2979
1646,NULL,NULL,NULL,2979
1961,NULL,NULL,NULL,2981
1412,NULL,NULL,1912-03-07,2983
489,NULL,NULL,2014-12-08,2984
2075,NULL,NULL,NULL,2985
365,NULL,NULL,1909-08-01,2986
1741,NULL,NULL,1918-10-04,2987
1798,NULL,NULL,NULL,2994
211,NULL,NULL,NULL,3003
910,NULL,NULL,NULL,3003
1335,NULL,NULL,NULL,3003
447,NULL,NULL,NULL,3004
556,NULL,NULL,NULL,3004
117,NULL,NULL,1917-03-04,3006
1370,NULL,NULL,1918-03-05,3008
1568,NULL,NULL,1985-11-02,3011
2163,NULL,NULL,NULL,3021
625,NULL,NULL,NULL,3023
1703,NULL,NULL,NULL,3024
1776,NULL,NULL,NULL,3024
728,NULL,NULL,NULL,3032
962,NULL,NULL,NULL,3032
1697,NULL,NULL,2011-07-03,3037
902,NULL,NULL,NULL,3038
348,NULL,NULL,NULL,3039
227,NULL,NULL,1958-08-08,3042
1425,NULL,NULL,NULL,3046
465,NULL,NULL,1930-03-08,3048
37,NULL,NULL,NULL,3052
2229,NULL,NULL,NULL,3052
435,NULL,NULL,2002-02-11,3053
2,NULL,NULL,NULL,3054
108,NULL,NULL,2004-11-12,3056
1729,NULL,NULL,1920-12-05,3056
2069,NULL,NULL,2000-10-09,3056
2018,NULL,NULL,NULL,3057
734,NULL,NULL,NULL,3059
185,NULL,NULL,NULL,3067
219,NULL,NULL,NULL,3068
1310,NULL,NULL,1958-06-07,3073
518,NULL,NULL,NULL,3077
960,NULL,NULL,NULL,3078
1870,NULL,NULL,1908-06-11,3078
1738,NULL,NULL,1919-08-11,3080
517,NULL,NULL,NULL,3081
487,NULL,NULL,NULL,3082
1905,NULL,NULL,NULL,3082
515,NULL,NULL,2003-04-05,3086
504,NULL,NULL,1933-01-01,3094
1989,NULL,NULL,NULL,3100
784,NULL,NULL,NULL,3102
1530,NULL,NULL,1910-12-10,3103
2090,NULL,NULL,NULL,3103
1194,NULL,NULL,1998-01-04,3106
1555,NULL,NULL,1945-07-03,3106
1810,NULL,NULL,NULL,3108
712,NULL,NULL,NULL,3117
995,NULL,NULL,NULL,3118
216,NULL,NULL,NULL,3123
2181,NULL,NULL,1970-02-10,3123
1278,NULL,NULL,1913-07-10,3125
1255,NULL,NULL,NULL,3127
209,NULL,NULL,2014-02-05,3128
934,NULL,NULL,1940-09-09,3131
1827,NULL,NULL,NULL,3131
1895,NULL,NULL,1984-06-12,3131
2070,NULL,NULL,1936-10-01,3133
638,NULL,NULL,1914-07-09,3135
1082,NULL,NULL,1930-05-04,3141
160,NULL,NULL,NULL,3142
771,NULL,NULL,NULL,3145
1973,NULL,NULL,1960-03-09,3145
1482,NULL,NULL,NULL,3146
1959,NULL,NULL,2012-12-11,3146
2201,NULL,NULL,NULL,3146
97,NULL,NULL,1993-03-03,3148
688,NULL,NULL,NULL,3148
1660,NULL,NULL,1930-02-09,3151
1394,NULL,NULL,NULL,3152
247,NULL,NULL,1906-08-02,3158
1169,NULL,NULL,NULL,3158
1477,NULL,NULL,1905-09-10,3160
336,NULL,NULL,NULL,3161
399,NULL,NULL,1922-03-10,3162
1448,NULL,NULL,NULL,3162
1665,NULL,NULL,2006-08-12,3162
1135,NULL,NULL,1949-04-10,3165
526,NULL,NULL,NULL,3167
1481,NULL,NULL,NULL,3174
2045,NULL,NULL,1978-03-10,3175
1110,NULL,NULL,1909-10-10,3177
1829,NULL,NULL,NULL,3180
149,NULL,NULL,NULL,3184
722,NULL,NULL,1981-05-07,3185
733,NULL,NULL,NULL,3194
13,NULL,NULL,NULL,3197
1628,NULL,NULL,1950-03-09,3199
224,NULL,NULL,NULL,3201
1490,NULL,NULL,NULL,3201
1912,NULL,NULL,NULL,3201
67,NULL,NULL,NULL,3203
1130,NULL,NULL,NULL,3204
566,NULL,NULL,2006-03-10,3207
686,NULL,NULL,NULL,3208
900,NULL,NULL,NULL,3218
249,NULL,NULL,NULL,3222
1246,NULL,NULL,NULL,3222
787,NULL,NULL,1981-06-11,3223
511,NULL,NULL,NULL,3231
1334,NULL,NULL,1948-08-07,3237
1768,NULL,NULL,1990-09-08,3244
1283,NULL,NULL,NULL,3245
791,NULL,NULL,NULL,3251
888,NULL,NULL,NULL,3251
1845,NULL,NULL,NULL,3257
915,NULL,NULL,NULL,3264
65,NULL,NULL,1961-12-12,3267
1726,NULL,NULL,1932-12-08,3270
1740,NULL,NULL,1967-12-02,3270
84,NULL,NULL,NULL,3277
2216,NULL,NULL,1926-02-12,3281
1997,NULL,NULL,NULL,3283
1801,NULL,NULL,NULL,3286
736,NULL,NULL,NULL,3287
2034,NULL,NULL,1937-08-07,3290
718,NULL,NULL,NULL,3291
437,NULL,NULL,1980-02-10,3292
1618,NULL,NULL,1962-08-02,3293
1237,NULL,NULL,NULL,3297
1073,NULL,NULL,NULL,3298
1564,NULL,NULL,NULL,3298
2105,NULL,NULL,NULL,3300
551,NULL,NULL,NULL,3301
553,NULL,NULL,NULL,3308
1656,NULL,NULL,NULL,3311
1525,NULL,NULL,NULL,3312
1804,NULL,NULL,NULL,3312
422,NULL,NULL,NULL,3313
352,NULL,NULL,1914-05-11,3314
1837,NULL,NULL,NULL,3316
1535,NULL,NULL,1906-04-09,3317
2169,NULL,NULL,NULL,3319
845,NULL,NULL,NULL,3322
2159,NULL,NULL,NULL,3324
503,NULL,NULL,NULL,3329
182,NULL,NULL,NULL,3333
1077,NULL,NULL,NULL,3342
1343,NULL,NULL,NULL,3348
55,NULL,NULL,NULL,3356
1287,NULL,NULL,2012-10-01,3356
288,NULL,NULL,NULL,3357
1554,NULL,NULL,NULL,3357
1650,NULL,NULL,1908-10-01,3363
679,NULL,NULL,NULL,3364
652,NULL,NULL,NULL,3367
1302,NULL,NULL,NULL,3367
140,NULL,NULL,1907-06-12,3370
1429,NULL,NULL,NULL,3371
392,NULL,NULL,NULL,3373
873,NULL,NULL,1967-03-04,3373
8,NULL,NULL,1904-11-05,3374
968,NULL,NULL,NULL,3378
1877,NULL,NULL,NULL,3381
1480,NULL,NULL,1995-08-01,3384
550,NULL,NULL,2016-02-07,3385
866,NULL,NULL,1910-07-01,3387
1294,NULL,NULL,NULL,3391
1463,NULL,NULL,2000-10-09,3391
255,NULL,NULL,NULL,3394
237,NULL,NULL,NULL,3397
1860,NULL,NULL,NULL,3397
596,NULL,NULL,1984-05-05,3398
1758,NULL,NULL,NULL,3398
698,NULL,NULL,NULL,3406
1127,NULL,NULL,1949-07-05,3406
177,NULL,NULL,1910-04-10,3407
1545,NULL,NULL,1902-12-08,3410
1864,NULL,NULL,NULL,3411
350,NULL,NULL,1953-07-10,3421
1171,NULL,NULL,1935-07-06,3421
798,NULL,NULL,NULL,3430
644,NULL,NULL,NULL,3437
35,NULL,NULL,1940-09-09,3438
941,NULL,NULL,1933-05-02,3439
1369,NULL,NULL,NULL,3442
217,NULL,NULL,NULL,3444
527,NULL,NULL,NULL,3445
2112,NULL,NULL,NULL,3452
681,NULL,NULL,NULL,3453
1041,NULL,NULL,NULL,3456
699,NULL,NULL,1967-08-06,3461
1382,NULL,NULL,2004-03-01,3461
1019,NULL,NULL,1930-12-03,3462
1330,NULL,NULL,NULL,3462
558,NULL,NULL,NULL,3463
1362,NULL,NULL,NULL,3464
2036,NULL,NULL,1994-12-06,3467
5,NULL,NULL,1911-09-10,3468
1584,NULL,NULL,NULL,3472
1007,NULL,NULL,1954-07-03,3479
329,NULL,NULL,1922-10-07,3481
2176,NULL,NULL,NULL,3486
581,NULL,NULL,2008-08-08,3487
1930,NULL,NULL,NULL,3487
598,NULL,NULL,1903-06-12,3491
1671,NULL,NULL,NULL,3493
1763,NULL,NULL,NULL,3494
1970,NULL,NULL,NULL,3497
23,NULL,NULL,NULL,3501
1519,NULL,NULL,1946-07-11,3505
1543,NULL,NULL,1929-12-02,3506
424,NULL,NULL,NULL,3510
61,NULL,NULL,NULL,3512
492,NULL,NULL,NULL,3518
214,NULL,NULL,NULL,3523
1035,NULL,NULL,1967-09-06,3526
1507,NULL,NULL,1907-06-05,3526
1285,NULL,NULL,NULL,3527
1185,NULL,NULL,NULL,3530
2206,NULL,NULL,1972-01-01,3531
1943,NULL,NULL,1990-01-08,3533
1358,NULL,NULL,NULL,3538
974,NULL,NULL,NULL,3540
1178,NULL,NULL,1971-06-01,3540
1356,NULL,NULL,NULL,3541
1920,NULL,NULL,NULL,3541
1066,NULL,NULL,NULL,3542
1585,NULL,NULL,1902-02-08,3544
1754,NULL,NULL,NULL,3544
107,NULL,NULL,1906-02-09,3547
1014,NULL,NULL,1969-11-01,3548
1431,NULL,NULL,1933-10-04,3552
1345,NULL,NULL,NULL,3553
405,NULL,NULL,NULL,3557
1977,NULL,NULL,1939-07-05,3561
1759,NULL,NULL,NULL,3563
274,NULL,NULL,NULL,3567
1593,NULL,NULL,NULL,3567
725,NULL,NULL,1965-03-07,3570
173,NULL,NULL,1957-04-05,3572
837,NULL,NULL,NULL,3572
1193,NULL,NULL,NULL,3572
1496,NULL,NULL,1937-02-10,3572
1964,NULL,NULL,NULL,3573
2192,NULL,NULL,NULL,3573
1859,NULL,NULL,2015-06-06,3574
1213,NULL,NULL,NULL,3575
1061,NULL,NULL,NULL,3577
30,NULL,NULL,2002-08-04,3579
372,NULL,NULL,NULL,3579
1560,NULL,NULL,NULL,3583
993,NULL,NULL,NULL,3586
1777,NULL,NULL,2003-11-02,3587
384,NULL,NULL,NULL,3591
1331,NULL,NULL,NULL,3591
1489,NULL,NULL,1989-09-04,3594
60,NULL,NULL,NULL,3599
72,NULL,NULL,1940-12-08,3599
904,NULL,NULL,NULL,3599
2104,NULL,NULL,1993-02-05,3599
242,NULL,NULL,1952-10-02,3600
475,NULL,NULL,2006-06-08,3602
1341,NULL,NULL,NULL,3605
135,NULL,NULL,NULL,3608
592,NULL,NULL,1909-12-08,3612
889,NULL,NULL,NULL,3612
163,NULL,NULL,NULL,3614
1677,NULL,NULL,1957-11-03,3618
1608,NULL,NULL,NULL,3626
1479,NULL,NULL,NULL,3627
9,NULL,NULL,1905-10-06,3629
1141,NULL,NULL,1988-06-09,3635
1983,NULL,NULL,NULL,3635
1419,NULL,NULL,NULL,3637
1380,NULL,NULL,1922-02-10,3640
959,NULL,NULL,1972-04-07,3643
1858,NULL,NULL,NULL,3643
85,NULL,NULL,NULL,3644
627,NULL,NULL,1955-11-07,3646
806,NULL,NULL,1997-09-03,3647
1203,NULL,NULL,1924-03-07,3648
582,NULL,NULL,NULL,3652
2230,NULL,NULL,NULL,3653
817,NULL,NULL,1917-08-12,3654
2119,NULL,NULL,2006-06-02,3656
1175,NULL,NULL,1963-09-03,3663
438,NULL,NULL,NULL,3669
1088,NULL,NULL,1961-06-01,3672
265,NULL,NULL,NULL,3675
44,NULL,NULL,NULL,3679
674,NULL,NULL,NULL,3679
912,NULL,NULL,NULL,3679
1594,NULL,NULL,1906-07-07,3679
2001,NULL,NULL,NULL,3682
235,NULL,NULL,NULL,3684
412,NULL,NULL,NULL,3685
1689,NULL,NULL,1992-03-06,3686
114,NULL,NULL,1980-01-05,3690
593,NULL,NULL,NULL,3690
1000,NULL,NULL,NULL,3692
826,NULL,NULL,1987-08-05,3694
296,NULL,NULL,NULL,3695
481,NULL,NULL,NULL,3695
502,NULL,NULL,1939-11-02,3695
2197,NULL,NULL,NULL,3698
1950,NULL,NULL,2014-07-06,3699
919,NULL,NULL,NULL,3700
2077,NULL,NULL,1970-06-12,3704
2162,NULL,NULL,2000-06-03,3705
313,NULL,NULL,NULL,3708
1546,NULL,NULL,2015-12-05,3708
183,NULL,NULL,1957-10-01,3709
403,NULL,NULL,NULL,3716
1406,NULL,NULL,NULL,3716
2028,NULL,NULL,NULL,3717
1233,NULL,NULL,NULL,3718
1691,NULL,NULL,2009-12-01,3721
653,NULL,NULL,1994-11-09,3725
1922,NULL,NULL,NULL,3725
1969,NULL,NULL,1931-07-03,3727
1325,NULL,NULL,NULL,3730
588,NULL,NULL,NULL,3734
938,NULL,NULL,NULL,3734
804,NULL,NULL,2015-05-10,3736
2021,NULL,NULL,NULL,3736
651,NULL,NULL,NULL,3740
861,NULL,NULL,1901-02-06,3741
1475,NULL,NULL,NULL,3746
748,NULL,NULL,1975-10-07,3748
1597,NULL,NULL,1901-09-11,3748
2110,NULL,NULL,NULL,3748
1700,NULL,NULL,NULL,3749
28,NULL,NULL,NULL,3751
191,NULL,NULL,NULL,3754
22,NULL,NULL,NULL,3756
89,NULL,NULL,NULL,3756
1892,NULL,NULL,1909-01-07,3756
1563,NULL,NULL,NULL,3758
1685,NULL,NULL,NULL,3759
846,NULL,NULL,1949-01-03,3762
1510,NULL,NULL,1986-05-01,3762
2219,NULL,NULL,NULL,3762
368,NULL,NULL,1972-10-12,3764
589,NULL,NULL,2016-11-10,3765
2044,NULL,NULL,NULL,3767
1155,NULL,NULL,1928-07-12,3768
569,NULL,NULL,NULL,3771
98,NULL,NULL,1937-05-09,3775
1674,NULL,NULL,NULL,3777
869,NULL,NULL,1939-02-11,3778
1313,NULL,NULL,NULL,3788
42,NULL,NULL,NULL,3789
1410,NULL,NULL,1955-06-01,3789
1621,NULL,NULL,NULL,3791
2185,NULL,NULL,1926-08-07,3793
1432,NULL,NULL,NULL,3794
1658,NULL,NULL,2003-05-03,3796
2100,NULL,NULL,NULL,3798
1002,NULL,NULL,NULL,3799
1958,NULL,NULL,1930-10-04,3800
1146,NULL,NULL,NULL,3804
1843,NULL,NULL,NULL,3816
1084,NULL,NULL,1990-11-03,3819
202,NULL,NULL,1938-09-11,3821
1732,NULL,NULL,1933-07-07,3825
906,NULL,NULL,1946-02-04,3828
1942,NULL,NULL,1986-06-04,3831
1704,NULL,NULL,1992-06-03,3832
1577,NULL,NULL,NULL,3833
2223,NULL,NULL,NULL,3834
507,NULL,NULL,1913-12-08,3835
1661,NULL,NULL,NULL,3836
1617,NULL,NULL,NULL,3838
29,NULL,NULL,NULL,3845
1144,NULL,NULL,NULL,3845
544,NULL,NULL,NULL,3853
979,NULL,NULL,NULL,3862
943,NULL,NULL,NULL,3864
1275,NULL,NULL,NULL,3864
2092,NULL,NULL,1989-11-04,3864
1693,NULL,NULL,1926-10-04,3866
2203,NULL,NULL,NULL,3867
1311,NULL,NULL,NULL,3870
1184,NULL,NULL,2015-12-09,3874
1811,NULL,NULL,1968-04-06,3875
1687,NULL,NULL,2000-04-10,3882
193,NULL,NULL,NULL,3883
83,NULL,NULL,1940-01-08,3885
452,NULL,NULL,NULL,3885
1623,NULL,NULL,NULL,3886
1737,NULL,NULL,NULL,3886
259,NULL,NULL,1911-10-11,3887
1071,NULL,NULL,1907-10-07,3888
1917,NULL,NULL,2015-12-01,3888
606,NULL,NULL,1931-05-01,3890
1435,NULL,NULL,2003-12-10,3890
1818,NULL,NULL,NULL,3891
2130,NULL,NULL,NULL,3904
1881,NULL,NULL,NULL,3907
2087,NULL,NULL,1949-07-10,3911
610,NULL,NULL,NULL,3913
1317,NULL,NULL,NULL,3913
1527,NULL,NULL,NULL,3913
1624,NULL,NULL,1905-02-05,3915
78,NULL,NULL,1941-12-01,3917
15,NULL,NULL,NULL,3918
567,NULL,NULL,1973-06-11,3928
1619,NULL,NULL,1961-09-09,3930
2081,NULL,NULL,2009-02-08,3930
2207,NULL,NULL,NULL,3930
184,NULL,NULL,NULL,3931
2046,NULL,NULL,1958-03-01,3932
493,NULL,NULL,NULL,3942
1105,NULL,NULL,NULL,3942
1647,NULL,NULL,NULL,3942
1523,NULL,NULL,1929-05-11,3947
1026,NULL,NULL,NULL,3954
356,NULL,NULL,NULL,3955
1698,NULL,NULL,1978-10-08,3956
1591,NULL,NULL,1946-09-02,3964
1951,NULL,NULL,NULL,3969
1129,NULL,NULL,NULL,3972
1722,NULL,NULL,NULL,3972
800,NULL,NULL,NULL,3974
1835,NULL,NULL,NULL,3976
871,NULL,NULL,NULL,3977
1122,NULL,NULL,1938-07-12,3977
1919,NULL,NULL,1961-08-03,3978
2156,NULL,NULL,NULL,3978
461,NULL,NULL,NULL,3979
58,NULL,NULL,NULL,3980
1055,NULL,NULL,1996-08-04,3980
474,NULL,NULL,1958-01-03,3981
1903,NULL,NULL,NULL,3981
1065,NULL,NULL,1972-07-09,3985
1896,NULL,NULL,1971-05-09,3986
2153,NULL,NULL,1922-02-03,3988
1433,NULL,NULL,1954-01-02,3989
431,NULL,NULL,NULL,3991
127,NULL,NULL,1926-02-12,3993
2184,NULL,NULL,NULL,3995
1210,NULL,NULL,NULL,3996
2080,NULL,NULL,NULL,3996
119,NULL,NULL,2015-07-12,3998
1731,NULL,NULL,1905-05-04,4005
1244,NULL,NULL,NULL,4007
1083,NULL,NULL,NULL,4011
215,NULL,NULL,1930-08-05,4015
1636,NULL,NULL,1983-12-08,4018
1103,NULL,NULL,NULL,4019
1471,NULL,NULL,1928-05-07,4019
600,NULL,NULL,1972-10-08,4020
1620,NULL,NULL,1940-06-01,4020
433,NULL,NULL,NULL,4024
1486,NULL,NULL,NULL,4025
883,NULL,NULL,1909-01-02,4027
1393,NULL,NULL,1915-10-11,4030
330,NULL,NULL,NULL,4032
1965,NULL,NULL,NULL,4033
1025,NULL,NULL,NULL,4042
794,NULL,NULL,1917-10-12,4046
1472,NULL,NULL,1915-11-02,4046
1774,NULL,NULL,1927-04-12,4053
218,NULL,NULL,NULL,4060
312,NULL,NULL,NULL,4063
992,NULL,NULL,NULL,4068
2179,NULL,NULL,1964-09-04,4069
1219,NULL,NULL,NULL,4072
1377,NULL,NULL,1925-09-05,4074
1812,NULL,NULL,NULL,4074
735,NULL,NULL,1916-08-12,4078
697,NULL,NULL,NULL,4079
599,NULL,NULL,1913-06-11,4080
786,NULL,NULL,NULL,4082
286,NULL,NULL,2012-08-11,4086
420,NULL,NULL,2011-08-10,4100
824,NULL,NULL,NULL,4100
1786,NULL,NULL,NULL,4102
150,NULL,NULL,NULL,4104
2099,NULL,NULL,1982-02-02,4104
1009,NULL,NULL,NULL,4105
1104,NULL,NULL,NULL,4105
536,NULL,NULL,2000-11-02,4107
198,NULL,NULL,NULL,4110
1947,NULL,NULL,NULL,4110
631,NULL,NULL,NULL,4113
1221,NULL,NULL,NULL,4116
905,NULL,NULL,NULL,4117
1068,NULL,NULL,NULL,4123
6,NULL,NULL,NULL,4129
167,NULL,NULL,1952-08-12,4129
1164,NULL,NULL,NULL,4129
1488,NULL,NULL,1955-02-10,4130
2180,NULL,NULL,NULL,4130
1515,NULL,NULL,2007-02-03,4131
982,NULL,NULL,1989-05-04,4142
1865,NULL,NULL,NULL,4148
780,NULL,NULL,1948-02-11,4149
1466,NULL,NULL,NULL,4150
363,NULL,NULL,NULL,4154
1769,NULL,NULL,NULL,4158
2183,NULL,NULL,1958-10-08,4159
1332,NULL,NULL,NULL,4161
1995,NULL,NULL,NULL,4164
732,NULL,NULL,NULL,4165
1139,NULL,NULL,1931-12-10,4167
19,NULL,NULL,NULL,4170
578,NULL,NULL,1928-11-08,4170
500,NULL,NULL,NULL,4177
1993,NULL,NULL,2013-07-06,4177
1378,NULL,NULL,NULL,4185
1572,NULL,NULL,NULL,4186
2078,NULL,NULL,NULL,4186
844,NULL,NULL,NULL,4189
1952,NULL,NULL,NULL,4191
239,NULL,NULL,NULL,4195
1447,NULL,NULL,NULL,4198
1998,NULL,NULL,NULL,4200
899,NULL,NULL,NULL,4202
1277,NULL,NULL,1987-07-10,4202
597,NULL,NULL,NULL,4210
172,NULL,NULL,NULL,4213
24,NULL,NULL,NULL,4216
843,NULL,NULL,NULL,4218
1131,NULL,NULL,NULL,4218
1318,NULL,NULL,NULL,4220
306,NULL,NULL,NULL,4229
758,NULL,NULL,1903-08-11,4229
1423,NULL,NULL,1986-07-04,4229
2067,NULL,NULL,1930-03-02,4230
1220,NULL,NULL,NULL,4233
1680,NULL,NULL,1954-10-05,4234
257,NULL,NULL,NULL,4236
1400,NULL,NULL,NULL,4245
1434,NULL,NULL,2003-05-09,4246
1492,NULL,NULL,NULL,4248
1654,NULL,NULL,NULL,4253
393,NULL,NULL,1974-10-10,4255
1711,NULL,NULL,1976-01-09,4256
1941,NULL,NULL,2002-02-11,4260
823,NULL,NULL,1918-07-06,4261
1309,NULL,NULL,1946-05-12,4263
457,NULL,NULL,NULL,4265
1602,NULL,NULL,NULL,4274
828,NULL,NULL,2012-10-11,4276
1011,NULL,NULL,1976-09-11,4276
139,NULL,NULL,2014-03-10,4277
1258,NULL,NULL,NULL,4282
1733,NULL,NULL,1914-04-03,4282
1532,NULL,NULL,NULL,4284
1797,NULL,NULL,NULL,4287
2161,NULL,NULL,1919-01-08,4287
720,NULL,NULL,NULL,4288
482,NULL,NULL,1925-12-11,4290
46,NULL,NULL,NULL,4293
872,NULL,NULL,1920-02-05,4297
1235,NULL,NULL,NULL,4297
1389,NULL,NULL,NULL,4305
1046,NULL,NULL,1913-02-03,4309
648,NULL,NULL,NULL,4320
261,NULL,NULL,NULL,4321
848,NULL,NULL,NULL,4321
595,NULL,NULL,1966-11-06,4324
279,NULL,NULL,NULL,4325
1663,NULL,NULL,NULL,4325
2235,NULL,NULL,2009-07-07,4328
922,NULL,NULL,NULL,4332
1017,NULL,NULL,1981-03-05,4334
1089,NULL,NULL,1971-12-07,4335
318,NULL,NULL,NULL,4342
705,NULL,NULL,NULL,4342
281,NULL,NULL,NULL,4344
1058,NULL,NULL,1902-02-06,4345
383,NULL,NULL,NULL,4351
1921,NULL,NULL,NULL,4353
2190,NULL,NULL,1953-09-02,4353
1852,NULL,NULL,NULL,4355
997,NULL,NULL,NULL,4357
1588,NULL,NULL,NULL,4357
1627,NULL,NULL,1914-11-10,4360
1549,NULL,NULL,NULL,4367
2000,NULL,NULL,1993-10-07,4367
451,NULL,NULL,NULL,4368
1967,NULL,NULL,1939-06-10,4371
1668,NULL,NULL,1911-06-10,4372
2178,NULL,NULL,NULL,4372
95,NULL,NULL,NULL,4373
884,NULL,NULL,1929-12-04,4378
1791,NULL,NULL,NULL,4379
176,NULL,NULL,NULL,4382
513,NULL,NULL,NULL,4385
456,NULL,NULL,2013-11-07,4389
1611,NULL,NULL,1937-07-09,4389
111,NULL,NULL,1993-03-11,4392
1645,NULL,NULL,NULL,4394
825,NULL,NULL,NULL,4397
1048,NULL,NULL,NULL,4397
1825,NULL,NULL,1985-04-01,4398
1003,NULL,NULL,NULL,4400
1581,NULL,NULL,2007-03-10,4400
1303,NULL,NULL,1918-10-08,4401
706,NULL,NULL,NULL,4402
390,NULL,NULL,NULL,4404
2082,NULL,NULL,1909-01-04,4413
531,NULL,NULL,NULL,4414
1604,NULL,NULL,NULL,4415
605,NULL,NULL,NULL,4416
178,NULL,NULL,NULL,4417
490,NULL,NULL,1964-10-06,4417
1702,NULL,NULL,NULL,4423
1513,NULL,NULL,1952-02-07,4425
1902,NULL,NULL,NULL,4426
272,NULL,NULL,NULL,4427
1940,NULL,NULL,NULL,4428
1670,NULL,NULL,NULL,4431
174,NULL,NULL,NULL,4432
655,NULL,NULL,NULL,4437
376,NULL,NULL,1991-01-12,4442
1416,NULL,NULL,NULL,4442
505,NULL,NULL,1972-06-10,4444
1119,NULL,NULL,NULL,4448
1288,NULL,NULL,1941-12-02,4448
1868,NULL,NULL,1992-07-08,4449
1456,NULL,NULL,NULL,4456
990,NULL,NULL,NULL,4457
2116,NULL,NULL,NULL,4460
1326,NULL,NULL,NULL,4466
1962,NULL,NULL,1961-03-09,4467
999,NULL,NULL,NULL,4469
1217,NULL,NULL,NULL,4471
335,NULL,NULL,NULL,4472
477,NULL,NULL,NULL,4472
1894,NULL,NULL,NULL,4472
796,NULL,NULL,NULL,4474
1539,NULL,NULL,NULL,4478
668,NULL,NULL,1996-11-04,4479
2208,NULL,NULL,NULL,4480
812,NULL,NULL,NULL,4482
292,NULL,NULL,2008-05-08,4490
1502,NULL,NULL,1966-04-01,4490
2023,NULL,NULL,NULL,4490
260,NULL,NULL,NULL,4491
2120,NULL,NULL,NULL,4493
987,NULL,NULL,1956-08-08,4494
1242,NULL,NULL,NULL,4495
1992,NULL,NULL,NULL,4495
876,NULL,NULL,1968-12-07,4497
1080,NULL,NULL,1985-08-09,4498
2098,NULL,NULL,1997-05-02,4500
816,NULL,NULL,NULL,4504
2166,NULL,NULL,1952-04-05,4506
2168,NULL,NULL,1989-04-09,4506
1290,NULL,NULL,NULL,4507
1305,NULL,NULL,1932-05-10,4512
2167,NULL,NULL,NULL,4513
565,NULL,NULL,NULL,4514
1021,NULL,NULL,NULL,4514
1232,NULL,NULL,1914-07-01,4515
1282,NULL,NULL,NULL,4515
122,NULL,NULL,NULL,4517
79,NULL,NULL,NULL,4518
1935,NULL,NULL,1994-11-04,4520
1076,NULL,NULL,1944-12-07,4522
2039,NULL,NULL,1986-06-03,4523
633,NULL,NULL,NULL,4526
1787,NULL,NULL,NULL,4527
1407,NULL,NULL,1985-11-01,4528
1707,NULL,NULL,NULL,4528
141,NULL,NULL,1955-12-11,4535
1498,NULL,NULL,NULL,4535
1062,NULL,NULL,NULL,4536
369,NULL,NULL,NULL,4542
1866,NULL,NULL,1915-06-04,4542
2032,NULL,NULL,NULL,4546
1409,NULL,NULL,2011-10-09,4549
222,NULL,NULL,NULL,4550
1308,NULL,NULL,NULL,4551
2213,NULL,NULL,NULL,4553
1862,NULL,NULL,NULL,4554
2174,NULL,NULL,1942-08-01,4555
2214,NULL,NULL,NULL,4556
1960,NULL,NULL,1968-09-02,4557
1669,NULL,NULL,1984-11-05,4558
1683,NULL,NULL,NULL,4558
1094,NULL,NULL,NULL,4561
458,NULL,NULL,1952-04-03,4563
1885,NULL,NULL,NULL,4563
1008,NULL,NULL,NULL,4567
86,NULL,NULL,NULL,4568
985,NULL,NULL,NULL,4569
1569,NULL,NULL,NULL,4569
1800,NULL,NULL,1953-06-12,4571
2109,NULL,NULL,NULL,4571
1900,NULL,NULL,1960-11-02,4572
696,NULL,NULL,NULL,4575
921,NULL,NULL,NULL,4577
1784,NULL,NULL,1935-02-10,4583
2033,NULL,NULL,NULL,4585
2053,NULL,NULL,1963-07-06,4587
2141,NULL,NULL,NULL,4589
264,NULL,NULL,NULL,4593
496,NULL,NULL,NULL,4593
106,NULL,NULL,2006-07-10,4596
1459,NULL,NULL,NULL,4596
707,NULL,NULL,NULL,4600
344,NULL,NULL,NULL,4605
1980,NULL,NULL,1934-11-02,4605
1043,NULL,NULL,NULL,4608
1846,NULL,NULL,NULL,4611
225,NULL,NULL,NULL,4614
1974,NULL,NULL,NULL,4616
777,NULL,NULL,1920-04-07,4617
1944,NULL,NULL,1956-05-10,4621
1914,NULL,NULL,NULL,4622
1427,NULL,NULL,NULL,4623
1582,NULL,NULL,1926-02-04,4624
1012,NULL,NULL,1981-06-05,4627
877,NULL,NULL,NULL,4628
96,NULL,NULL,1958-07-09,4632
708,NULL,NULL,1944-07-03,4632
1558,NULL,NULL,NULL,4633
1873,NULL,NULL,NULL,4633
580,NULL,NULL,2001-08-06,4635
1735,NULL,NULL,NULL,4636
1107,NULL,NULL,NULL,4637
1200,NULL,NULL,NULL,4638
914,NULL,NULL,NULL,4644
1990,NULL,NULL,1951-07-08,4645
650,NULL,NULL,NULL,4648
2143,NULL,NULL,NULL,4653
514,NULL,NULL,NULL,4659
785,NULL,NULL,NULL,4662
810,NULL,NULL,NULL,4662
1421,NULL,NULL,1908-03-11,4662
1633,NULL,NULL,NULL,4664
324,NULL,NULL,NULL,4668
1396,NULL,NULL,NULL,4685
298,NULL,NULL,NULL,4686
1272,NULL,NULL,NULL,4686
2096,NULL,NULL,NULL,4691
1372,NULL,NULL,1927-02-07,4693
1659,NULL,NULL,NULL,4697
11,NULL,NULL,NULL,4701
132,NULL,NULL,NULL,4701
1201,NULL,NULL,1945-01-01,4701
1934,NULL,NULL,1926-03-07,4701
892,NULL,NULL,1950-01-01,4704
535,NULL,NULL,NULL,4706
2227,NULL,NULL,NULL,4708
1195,NULL,NULL,NULL,4709
314,NULL,NULL,1925-12-07,4710
385,NULL,NULL,1921-10-07,4714
2097,NULL,NULL,NULL,4714
646,NULL,NULL,1911-11-02,4720
367,NULL,NULL,NULL,4724
833,NULL,NULL,1966-02-08,4724
1805,NULL,NULL,2004-09-01,4728
854,NULL,NULL,NULL,4733
1501,NULL,NULL,NULL,4733
1044,NULL,NULL,NULL,4736
880,NULL,NULL,NULL,4737
1706,NULL,NULL,NULL,4738
1696,NULL,NULL,NULL,4741
244,NULL,NULL,1986-11-08,4745
1054,NULL,NULL,1932-08-08,4749
411,NULL,NULL,1916-07-04,4751
1148,NULL,NULL,1907-10-08,4751
1056,NULL,NULL,1973-05-04,4752
1468,NULL,NULL,NULL,4753
1047,NULL,NULL,1951-11-10,4758
1236,NULL,NULL,NULL,4758
2121,NULL,NULL,NULL,4760
137,NULL,NULL,NULL,4764
1676,NULL,NULL,2011-04-09,4764
937,NULL,NULL,NULL,4769
1118,NULL,NULL,NULL,4769
1649,NULL,NULL,2001-03-08,4770
1816,NULL,NULL,NULL,4771
965,NULL,NULL,NULL,4772
1180,NULL,NULL,NULL,4773
802,NULL,NULL,1983-06-08,4774
1182,NULL,NULL,1992-02-11,4775
918,NULL,NULL,NULL,4777
520,NULL,NULL,NULL,4780
805,NULL,NULL,NULL,4780
472,NULL,NULL,NULL,4785
1771,NULL,NULL,NULL,4787
498,NULL,NULL,NULL,4788
395,NULL,NULL,NULL,4789
1024,NULL,NULL,NULL,4789
421,NULL,NULL,NULL,4791
642,NULL,NULL,1946-02-09,4791
153,NULL,NULL,2012-01-03,4796
1156,NULL,NULL,NULL,4798
1521,NULL,NULL,1904-12-03,4799
563,NULL,NULL,1936-06-11,4801
1631,NULL,NULL,1915-07-08,4804
1872,NULL,NULL,NULL,4806
2136,NULL,NULL,1990-04-09,4806
1095,NULL,NULL,NULL,4810
2050,NULL,NULL,1957-03-04,4810
1808,NULL,NULL,NULL,4812
885,NULL,NULL,NULL,4814
1848,NULL,NULL,NULL,4817
1340,NULL,NULL,1935-04-01,4820
104,NULL,NULL,NULL,4826
1497,NULL,NULL,NULL,4829
675,NULL,NULL,NULL,4831
1972,NULL,NULL,2002-05-04,4837
717,NULL,NULL,2001-01-11,4839
1205,NULL,NULL,NULL,4840
542,NULL,NULL,1910-04-12,4841
1153,NULL,NULL,NULL,4842
857,NULL,NULL,1907-10-10,4853
1052,NULL,NULL,NULL,4853
2234,NULL,NULL,NULL,4853
1298,NULL,NULL,NULL,4858
554,NULL,NULL,NULL,4859
2126,NULL,NULL,NULL,4863
69,NULL,NULL,1941-07-09,4868
1449,NULL,NULL,1992-02-08,4871
1474,NULL,NULL,NULL,4871
851,NULL,NULL,NULL,4873
765,NULL,NULL,1996-10-03,4876
2003,NULL,NULL,NULL,4877
143,NULL,NULL,1968-05-04,4880
479,NULL,NULL,NULL,4884
1966,NULL,NULL,1998-09-12,4889
221,NULL,NULL,NULL,4901
738,NULL,NULL,NULL,4904
840,NULL,NULL,NULL,4910
1630,NULL,NULL,NULL,4912
1565,NULL,NULL,NULL,4915
2194,NULL,NULL,NULL,4916
2200,NULL,NULL,NULL,4916
299,NULL,NULL,1943-05-03,4922
156,NULL,NULL,NULL,4928
1254,NULL,NULL,NULL,4928
776,NULL,NULL,NULL,4934
466,NULL,NULL,1930-02-02,4937
1060,NULL,NULL,1990-10-05,4937
297,NULL,NULL,NULL,4939
1101,NULL,NULL,NULL,4943
1374,NULL,NULL,1975-03-08,4943
1781,NULL,NULL,NULL,4943
586,NULL,NULL,NULL,4945
381,NULL,NULL,NULL,4952
1672,NULL,NULL,1977-11-05,4952
1871,NULL,NULL,NULL,4952
664,NULL,NULL,NULL,4960
782,NULL,NULL,NULL,4967
1699,NULL,NULL,NULL,4967
1642,NULL,NULL,1944-12-08,4970
262,NULL,NULL,1961-07-03,4974
716,NULL,NULL,NULL,4975
1211,NULL,NULL,NULL,4981
1442,NULL,NULL,1991-12-04,4984
966,NULL,NULL,1920-04-09,4985
1239,NULL,NULL,NULL,4985
7,NULL,NULL,NULL,4988
1897,NULL,NULL,NULL,4990
819,NULL,NULL,NULL,4995
317,NULL,NULL,NULL,4996
1587,NULL,NULL,NULL,4997
