﻿1,523,NULL,NULL,1
2,487,NULL,NULL,0
3,326,NULL,NULL,0
4,341,NULL,NULL,1
5,163,NULL,NULL,1
6,75,NULL,NULL,0
7,454,NULL,NULL,0
8,488,NULL,NULL,1
9,524,NULL,NULL,1
10,324,NULL,NULL,1
11,576,NULL,NULL,1
12,445,NULL,NULL,1
13,99,NULL,NULL,0
14,51,NULL,NULL,1
15,549,NULL,NULL,1
16,77,NULL,NULL,0
17,486,NULL,NULL,1
18,94,NULL,NULL,0
19,NULL,42,NULL,1
20,NULL,425,NULL,0
21,NULL,116,NULL,0
22,NULL,519,NULL,1
23,NULL,304,NULL,0
24,NULL,541,NULL,0
25,NULL,101,NULL,0
26,NULL,274,NULL,1
27,NULL,155,NULL,0
28,NULL,587,NULL,1
29,NULL,369,NULL,1
30,NULL,326,NULL,0
31,NULL,61,NULL,1
32,NULL,438,NULL,0
33,NULL,268,NULL,1
34,NULL,204,NULL,1
35,NULL,393,NULL,0
36,NULL,115,NULL,1
37,NULL,541,NULL,1
38,NULL,356,NULL,1
39,NULL,196,NULL,0
40,NULL,58,NULL,0
41,NULL,207,NULL,1
42,NULL,341,NULL,1
43,NULL,412,NULL,0
44,NULL,73,NULL,1
45,NULL,552,NULL,0
46,NULL,NULL,439,0
47,NULL,NULL,485,1
48,NULL,NULL,490,1
49,NULL,NULL,357,1
50,NULL,NULL,63,1
51,NULL,NULL,6,1
52,NULL,NULL,384,0
53,NULL,NULL,235,1
54,NULL,NULL,78,0
55,NULL,NULL,93,1
56,NULL,NULL,100,0
57,NULL,NULL,329,0
58,NULL,NULL,279,1
59,NULL,NULL,430,0
60,NULL,NULL,178,1
61,NULL,NULL,491,0
62,NULL,NULL,484,0
63,NULL,NULL,249,0
64,NULL,NULL,389,0
65,NULL,NULL,488,0
66,NULL,NULL,501,0
67,NULL,NULL,349,1
68,NULL,NULL,560,1
69,509,NULL,NULL,0
70,78,NULL,NULL,0
71,142,NULL,NULL,0
72,184,NULL,NULL,1
73,171,NULL,NULL,1
74,71,NULL,NULL,0
75,15,NULL,NULL,0
76,287,NULL,NULL,0
77,499,NULL,NULL,0
78,156,NULL,NULL,1
79,68,NULL,NULL,1
80,358,NULL,NULL,0
81,527,NULL,NULL,0
82,114,NULL,NULL,1
83,389,NULL,NULL,0
84,186,NULL,NULL,0
85,577,NULL,NULL,0
86,270,NULL,NULL,1
87,154,NULL,NULL,1
88,287,NULL,NULL,0
89,534,NULL,NULL,0
90,494,NULL,NULL,0
91,122,NULL,NULL,1
92,581,NULL,NULL,0
93,NULL,361,NULL,1
94,NULL,258,NULL,1
95,NULL,65,NULL,0
96,NULL,252,NULL,1
97,NULL,394,NULL,0
98,NULL,351,NULL,1
99,NULL,337,NULL,0
100,NULL,573,NULL,1
101,NULL,236,NULL,1
102,NULL,500,NULL,0
103,NULL,5,NULL,1
104,NULL,543,NULL,0
105,NULL,369,NULL,0
106,NULL,481,NULL,0
107,NULL,589,NULL,1
108,NULL,359,NULL,0
109,NULL,158,NULL,0
110,NULL,367,NULL,1
111,NULL,48,NULL,1
112,NULL,188,NULL,1
113,NULL,315,NULL,0
114,NULL,57,NULL,1
115,NULL,384,NULL,1
116,NULL,72,NULL,1
117,NULL,490,NULL,0
118,NULL,65,NULL,1
119,NULL,275,NULL,0
120,NULL,525,NULL,1
121,NULL,288,NULL,0
122,NULL,290,NULL,0
123,NULL,94,NULL,0
124,NULL,457,NULL,1
125,NULL,54,NULL,0
126,NULL,595,NULL,0
127,NULL,130,NULL,0
128,NULL,37,NULL,1
129,NULL,463,NULL,0
130,NULL,453,NULL,1
131,NULL,116,NULL,0
132,NULL,162,NULL,0
133,NULL,122,NULL,0
134,NULL,181,NULL,0
135,NULL,186,NULL,1
136,NULL,521,NULL,1
137,NULL,375,NULL,1
138,NULL,155,NULL,1
139,NULL,437,NULL,1
140,NULL,473,NULL,1
141,NULL,544,NULL,0
142,NULL,41,NULL,0
143,NULL,82,NULL,0
144,NULL,273,NULL,1
145,NULL,240,NULL,0
146,NULL,511,NULL,1
147,NULL,212,NULL,1
148,NULL,12,NULL,1
149,NULL,96,NULL,1
150,NULL,253,NULL,1
151,NULL,462,NULL,1
152,NULL,113,NULL,1
153,NULL,222,NULL,1
154,NULL,489,NULL,0
155,NULL,423,NULL,0
156,NULL,86,NULL,0
157,NULL,546,NULL,1
158,NULL,491,NULL,0
159,NULL,329,NULL,0
160,NULL,362,NULL,0
161,NULL,34,NULL,0
162,NULL,13,NULL,1
163,NULL,418,NULL,1
164,NULL,278,NULL,0
165,NULL,56,NULL,1
166,NULL,325,NULL,1
167,NULL,220,NULL,0
168,NULL,37,NULL,0
169,NULL,440,NULL,1
170,NULL,574,NULL,1
171,NULL,531,NULL,0
172,NULL,373,NULL,1
173,NULL,68,NULL,0
174,NULL,62,NULL,0
175,NULL,17,NULL,0
176,NULL,281,NULL,0
177,NULL,190,NULL,1
178,NULL,506,NULL,0
179,NULL,331,NULL,1
180,NULL,91,NULL,1
181,NULL,288,NULL,1
182,470,NULL,NULL,0
183,419,NULL,NULL,0
184,144,NULL,NULL,0
185,260,NULL,NULL,1
186,80,NULL,NULL,1
187,344,NULL,NULL,1
188,588,NULL,NULL,1
189,505,NULL,NULL,1
190,117,NULL,NULL,1
191,347,NULL,NULL,1
192,167,NULL,NULL,0
193,411,NULL,NULL,1
194,528,NULL,NULL,1
195,154,NULL,NULL,1
196,188,NULL,NULL,1
197,338,NULL,NULL,1
198,532,NULL,NULL,0
199,119,NULL,NULL,1
200,178,NULL,NULL,1
201,242,NULL,NULL,1
202,81,NULL,NULL,1
203,37,NULL,NULL,1
204,334,NULL,NULL,0
205,584,NULL,NULL,0
206,180,NULL,NULL,1
207,575,NULL,NULL,1
208,8,NULL,NULL,0
209,546,NULL,NULL,1
210,391,NULL,NULL,0
211,274,NULL,NULL,0
212,396,NULL,NULL,0
213,239,NULL,NULL,0
214,99,NULL,NULL,1
215,323,NULL,NULL,1
216,427,NULL,NULL,0
217,103,NULL,NULL,1
218,95,NULL,NULL,1
219,126,NULL,NULL,1
220,569,NULL,NULL,0
221,250,NULL,NULL,0
222,87,NULL,NULL,1
223,20,NULL,NULL,0
224,417,NULL,NULL,0
225,335,NULL,NULL,1
226,85,NULL,NULL,0
227,142,NULL,NULL,0
228,343,NULL,NULL,0
229,544,NULL,NULL,0
230,82,NULL,NULL,1
231,123,NULL,NULL,1
232,511,NULL,NULL,0
233,93,NULL,NULL,0
234,260,NULL,NULL,0
235,227,NULL,NULL,1
236,287,NULL,NULL,0
237,32,NULL,NULL,0
238,496,NULL,NULL,1
239,29,NULL,NULL,1
240,590,NULL,NULL,0
241,118,NULL,NULL,0
242,NULL,NULL,103,0
243,NULL,NULL,510,1
244,NULL,NULL,487,0
245,NULL,NULL,440,0
246,NULL,NULL,591,0
247,NULL,NULL,442,0
248,NULL,NULL,247,1
249,NULL,NULL,459,1
250,NULL,NULL,120,1
251,NULL,NULL,150,1
252,NULL,NULL,304,1
253,NULL,NULL,35,1
254,NULL,NULL,260,1
255,NULL,NULL,293,0
256,NULL,NULL,235,1
257,NULL,NULL,300,1
258,NULL,NULL,24,0
259,NULL,NULL,205,1
260,NULL,NULL,146,0
261,NULL,NULL,216,1
262,NULL,NULL,376,1
263,NULL,NULL,368,1
264,NULL,NULL,66,1
265,NULL,NULL,209,0
266,NULL,NULL,461,1
267,NULL,NULL,34,1
268,NULL,NULL,391,1
269,NULL,NULL,391,1
270,NULL,NULL,256,0
271,NULL,NULL,94,1
272,NULL,NULL,84,0
273,NULL,NULL,54,1
274,NULL,NULL,270,0
275,NULL,NULL,137,1
276,NULL,NULL,154,1
277,NULL,NULL,239,0
278,NULL,NULL,323,0
279,NULL,NULL,340,1
280,NULL,NULL,448,1
281,NULL,NULL,113,1
282,NULL,NULL,26,0
283,NULL,NULL,566,0
284,NULL,NULL,347,1
285,NULL,NULL,154,1
286,NULL,NULL,61,0
287,NULL,NULL,85,1
288,NULL,NULL,398,0
289,NULL,NULL,313,0
290,NULL,NULL,470,0
291,NULL,NULL,147,1
292,NULL,NULL,43,1
293,NULL,NULL,473,0
294,NULL,NULL,502,0
295,NULL,NULL,80,1
296,NULL,NULL,508,0
297,NULL,NULL,281,0
298,NULL,NULL,277,1
299,NULL,NULL,177,1
300,NULL,NULL,264,1
301,NULL,NULL,423,1
302,NULL,NULL,582,1
303,NULL,NULL,392,1
304,NULL,NULL,337,1
305,NULL,NULL,462,1
306,NULL,NULL,586,1
307,NULL,NULL,454,1
308,NULL,NULL,54,0
309,NULL,NULL,369,1
310,NULL,NULL,523,1
311,NULL,NULL,184,1
312,NULL,NULL,531,1
313,NULL,NULL,102,0
314,NULL,NULL,584,0
315,NULL,NULL,292,1
316,NULL,NULL,464,1
317,NULL,NULL,156,1
318,200,NULL,NULL,1
319,533,NULL,NULL,1
320,309,NULL,NULL,0
321,348,NULL,NULL,0
322,6,NULL,NULL,0
323,573,NULL,NULL,0
324,44,NULL,NULL,0
325,547,NULL,NULL,0
326,463,NULL,NULL,0
327,172,NULL,NULL,0
328,409,NULL,NULL,1
329,201,NULL,NULL,0
330,315,NULL,NULL,0
331,481,NULL,NULL,0
332,406,NULL,NULL,1
333,141,NULL,NULL,0
334,599,NULL,NULL,1
335,425,NULL,NULL,0
336,236,NULL,NULL,1
337,50,NULL,NULL,0
338,336,NULL,NULL,0
339,16,NULL,NULL,0
340,344,NULL,NULL,0
341,547,NULL,NULL,0
342,524,NULL,NULL,0
343,514,NULL,NULL,0
344,401,NULL,NULL,1
345,196,NULL,NULL,1
346,26,NULL,NULL,1
347,360,NULL,NULL,0
348,419,NULL,NULL,0
349,376,NULL,NULL,0
350,326,NULL,NULL,0
351,329,NULL,NULL,0
352,265,NULL,NULL,0
353,260,NULL,NULL,0
354,594,NULL,NULL,1
355,9,NULL,NULL,0
356,532,NULL,NULL,0
357,226,NULL,NULL,1
358,310,NULL,NULL,1
359,224,NULL,NULL,1
360,296,NULL,NULL,1
361,436,NULL,NULL,1
362,94,NULL,NULL,0
363,80,NULL,NULL,0
364,258,NULL,NULL,1
365,462,NULL,NULL,1
366,140,NULL,NULL,1
367,191,NULL,NULL,0
368,20,NULL,NULL,1
369,585,NULL,NULL,0
370,141,NULL,NULL,0
371,463,NULL,NULL,0
372,323,NULL,NULL,1
373,105,NULL,NULL,1
374,536,NULL,NULL,1
375,207,NULL,NULL,1
376,533,NULL,NULL,0
377,337,NULL,NULL,0
378,45,NULL,NULL,0
379,297,NULL,NULL,1
380,456,NULL,NULL,1
381,192,NULL,NULL,0
382,404,NULL,NULL,0
383,174,NULL,NULL,0
384,333,NULL,NULL,1
385,336,NULL,NULL,1
386,369,NULL,NULL,1
387,591,NULL,NULL,1
388,575,NULL,NULL,0
389,219,NULL,NULL,1
390,179,NULL,NULL,0
391,401,NULL,NULL,1
392,95,NULL,NULL,1
393,418,NULL,NULL,0
394,316,NULL,NULL,1
395,46,NULL,NULL,1
396,121,NULL,NULL,1
397,354,NULL,NULL,1
398,449,NULL,NULL,1
399,384,NULL,NULL,1
400,279,NULL,NULL,0
401,328,NULL,NULL,1
402,503,NULL,NULL,1
403,412,NULL,NULL,1
404,497,NULL,NULL,1
405,312,NULL,NULL,0
406,499,NULL,NULL,0
407,143,NULL,NULL,0
408,395,NULL,NULL,1
409,267,NULL,NULL,0
410,358,NULL,NULL,1
411,366,NULL,NULL,1
412,495,NULL,NULL,0
413,174,NULL,NULL,0
414,532,NULL,NULL,1
415,51,NULL,NULL,1
416,455,NULL,NULL,0
417,308,NULL,NULL,1
418,520,NULL,NULL,1
419,433,NULL,NULL,0
420,68,NULL,NULL,1
421,144,NULL,NULL,1
422,158,NULL,NULL,1
423,488,NULL,NULL,1
424,123,NULL,NULL,0
425,355,NULL,NULL,1
426,153,NULL,NULL,1
427,240,NULL,NULL,0
428,7,NULL,NULL,0
429,311,NULL,NULL,0
430,362,NULL,NULL,0
431,529,NULL,NULL,1
432,139,NULL,NULL,1
433,543,NULL,NULL,0
434,21,NULL,NULL,1
435,410,NULL,NULL,1
436,95,NULL,NULL,1
437,345,NULL,NULL,0
438,471,NULL,NULL,0
439,207,NULL,NULL,1
440,527,NULL,NULL,0
441,274,NULL,NULL,1
442,168,NULL,NULL,0
443,588,NULL,NULL,0
444,337,NULL,NULL,0
445,370,NULL,NULL,0
446,470,NULL,NULL,1
447,555,NULL,NULL,1
448,295,NULL,NULL,1
449,193,NULL,NULL,0
450,431,NULL,NULL,0
451,270,NULL,NULL,0
452,333,NULL,NULL,0
453,84,NULL,NULL,0
454,37,NULL,NULL,0
455,398,NULL,NULL,0
456,304,NULL,NULL,0
457,582,NULL,NULL,1
458,273,NULL,NULL,0
459,30,NULL,NULL,1
460,2,NULL,NULL,0
461,62,NULL,NULL,1
462,461,NULL,NULL,0
463,281,NULL,NULL,0
464,457,NULL,NULL,1
465,199,NULL,NULL,0
466,360,NULL,NULL,0
467,14,NULL,NULL,0
468,459,NULL,NULL,1
469,542,NULL,NULL,0
470,534,NULL,NULL,0
471,505,NULL,NULL,1
472,458,NULL,NULL,0
473,531,NULL,NULL,1
474,541,NULL,NULL,1
475,381,NULL,NULL,1
476,1,NULL,NULL,0
477,167,NULL,NULL,1
478,49,NULL,NULL,0
479,227,NULL,NULL,1
480,526,NULL,NULL,1
481,61,NULL,NULL,0
482,544,NULL,NULL,0
483,8,NULL,NULL,0
484,495,NULL,NULL,0
485,108,NULL,NULL,0
486,405,NULL,NULL,1
487,49,NULL,NULL,1
488,63,NULL,NULL,0
489,575,NULL,NULL,0
490,32,NULL,NULL,0
491,21,NULL,NULL,0
492,107,NULL,NULL,0
493,426,NULL,NULL,1
494,511,NULL,NULL,1
495,308,NULL,NULL,1
496,584,NULL,NULL,0
497,460,NULL,NULL,0
498,538,NULL,NULL,0
499,390,NULL,NULL,1
500,501,NULL,NULL,0
501,216,NULL,NULL,1
502,297,NULL,NULL,0
503,360,NULL,NULL,0
504,119,NULL,NULL,0
505,439,NULL,NULL,0
506,248,NULL,NULL,1
507,552,NULL,NULL,1
508,255,NULL,NULL,1
509,65,NULL,NULL,0
510,508,NULL,NULL,0
511,397,NULL,NULL,1
512,504,NULL,NULL,1
513,217,NULL,NULL,0
514,545,NULL,NULL,0
515,69,NULL,NULL,0
516,326,NULL,NULL,1
517,33,NULL,NULL,0
518,560,NULL,NULL,0
519,381,NULL,NULL,1
520,429,NULL,NULL,1
521,282,NULL,NULL,0
522,425,NULL,NULL,0
523,18,NULL,NULL,1
524,513,NULL,NULL,0
525,422,NULL,NULL,0
526,548,NULL,NULL,1
527,511,NULL,NULL,0
528,536,NULL,NULL,0
529,299,NULL,NULL,0
530,128,NULL,NULL,0
531,533,NULL,NULL,1
532,124,NULL,NULL,1
533,142,NULL,NULL,1
534,381,NULL,NULL,0
535,72,NULL,NULL,0
536,449,NULL,NULL,0
537,448,NULL,NULL,0
538,543,NULL,NULL,0
539,317,NULL,NULL,0
540,216,NULL,NULL,0
541,212,NULL,NULL,0
542,209,NULL,NULL,1
543,227,NULL,NULL,1
544,74,NULL,NULL,0
545,108,NULL,NULL,0
546,339,NULL,NULL,1
547,545,NULL,NULL,1
548,61,NULL,NULL,1
549,486,NULL,NULL,0
550,208,NULL,NULL,0
551,209,NULL,NULL,0
552,522,NULL,NULL,0
553,9,NULL,NULL,0
554,144,NULL,NULL,0
555,233,NULL,NULL,1
556,217,NULL,NULL,0
557,564,NULL,NULL,1
558,582,NULL,NULL,0
559,190,NULL,NULL,0
560,513,NULL,NULL,0
561,230,NULL,NULL,0
562,398,NULL,NULL,0
563,67,NULL,NULL,1
564,537,NULL,NULL,1
565,565,NULL,NULL,1
566,154,NULL,NULL,0
567,85,NULL,NULL,1
568,103,NULL,NULL,0
569,29,NULL,NULL,0
570,116,NULL,NULL,1
571,443,NULL,NULL,0
572,401,NULL,NULL,0
573,316,NULL,NULL,0
574,23,NULL,NULL,0
575,342,NULL,NULL,1
576,500,NULL,NULL,0
577,1,NULL,NULL,0
578,554,NULL,NULL,1
579,539,NULL,NULL,1
580,165,NULL,NULL,0
581,590,NULL,NULL,0
582,262,NULL,NULL,1
583,305,NULL,NULL,0
584,231,NULL,NULL,0
585,586,NULL,NULL,0
586,512,NULL,NULL,1
587,592,NULL,NULL,1
588,560,NULL,NULL,1
589,407,NULL,NULL,1
590,310,NULL,NULL,1
591,498,NULL,NULL,0
592,135,NULL,NULL,0
593,175,NULL,NULL,1
594,295,NULL,NULL,1
595,371,NULL,NULL,0
596,190,NULL,NULL,1
597,504,NULL,NULL,1
598,342,NULL,NULL,0
599,24,NULL,NULL,0
600,95,NULL,NULL,1
601,395,NULL,NULL,0
602,597,NULL,NULL,0
603,457,NULL,NULL,0
604,462,NULL,NULL,1
605,202,NULL,NULL,1
606,99,NULL,NULL,0
607,391,NULL,NULL,1
608,91,NULL,NULL,1
609,405,NULL,NULL,0
610,324,NULL,NULL,0
611,175,NULL,NULL,0
612,140,NULL,NULL,1
613,234,NULL,NULL,1
614,557,NULL,NULL,1
615,508,NULL,NULL,1
616,201,NULL,NULL,0
617,41,NULL,NULL,0
618,120,NULL,NULL,1
619,214,NULL,NULL,0
620,462,NULL,NULL,0
621,52,NULL,NULL,0
622,93,NULL,NULL,1
623,36,NULL,NULL,1
624,38,NULL,NULL,0
625,410,NULL,NULL,1
626,401,NULL,NULL,1
627,121,NULL,NULL,0
628,428,NULL,NULL,0
629,70,NULL,NULL,1
630,136,NULL,NULL,1
631,79,NULL,NULL,1
632,163,NULL,NULL,0
633,206,NULL,NULL,1
634,69,NULL,NULL,0
635,28,NULL,NULL,1
636,426,NULL,NULL,0
637,401,NULL,NULL,1
638,315,NULL,NULL,1
639,105,NULL,NULL,0
640,169,NULL,NULL,0
641,321,NULL,NULL,1
642,272,NULL,NULL,1
643,284,NULL,NULL,0
644,16,NULL,NULL,1
645,207,NULL,NULL,1
646,597,NULL,NULL,0
647,178,NULL,NULL,1
648,458,NULL,NULL,0
649,454,NULL,NULL,0
650,437,NULL,NULL,0
651,546,NULL,NULL,0
652,573,NULL,NULL,0
653,316,NULL,NULL,1
654,93,NULL,NULL,1
655,51,NULL,NULL,1
656,62,NULL,NULL,0
657,432,NULL,NULL,0
658,408,NULL,NULL,1
659,353,NULL,NULL,0
660,90,NULL,NULL,0
661,569,NULL,NULL,0
662,138,NULL,NULL,0
663,214,NULL,NULL,1
664,18,NULL,NULL,1
665,249,NULL,NULL,1
666,252,NULL,NULL,1
667,358,NULL,NULL,1
668,213,NULL,NULL,1
669,17,NULL,NULL,1
670,314,NULL,NULL,1
671,531,NULL,NULL,1
672,355,NULL,NULL,1
673,151,NULL,NULL,0
674,289,NULL,NULL,0
675,513,NULL,NULL,1
676,594,NULL,NULL,0
677,264,NULL,NULL,1
678,124,NULL,NULL,0
679,185,NULL,NULL,1
680,168,NULL,NULL,1
681,312,NULL,NULL,0
682,240,NULL,NULL,1
683,556,NULL,NULL,0
684,329,NULL,NULL,1
685,104,NULL,NULL,1
686,550,NULL,NULL,1
687,376,NULL,NULL,1
688,585,NULL,NULL,1
689,215,NULL,NULL,1
690,547,NULL,NULL,0
691,122,NULL,NULL,1
692,309,NULL,NULL,0
693,559,NULL,NULL,0
694,511,NULL,NULL,0
695,80,NULL,NULL,0
696,275,NULL,NULL,1
697,374,NULL,NULL,0
698,93,NULL,NULL,1
699,442,NULL,NULL,1
700,525,NULL,NULL,1
701,364,NULL,NULL,0
702,128,NULL,NULL,1
703,311,NULL,NULL,0
704,258,NULL,NULL,1
705,470,NULL,NULL,1
706,10,NULL,NULL,1
707,458,NULL,NULL,0
708,382,NULL,NULL,1
709,372,NULL,NULL,0
710,423,NULL,NULL,0
711,105,NULL,NULL,0
712,400,NULL,NULL,1
713,235,NULL,NULL,1
714,492,NULL,NULL,1
715,17,NULL,NULL,1
716,508,NULL,NULL,1
717,56,NULL,NULL,0
718,70,NULL,NULL,1
719,237,NULL,NULL,1
720,242,NULL,NULL,0
721,349,NULL,NULL,1
722,525,NULL,NULL,0
723,454,NULL,NULL,0
724,355,NULL,NULL,0
725,334,NULL,NULL,1
726,390,NULL,NULL,1
727,488,NULL,NULL,1
728,125,NULL,NULL,0
729,155,NULL,NULL,1
730,192,NULL,NULL,0
731,459,NULL,NULL,0
732,278,NULL,NULL,1
733,557,NULL,NULL,1
734,25,NULL,NULL,1
735,271,NULL,NULL,0
736,187,NULL,NULL,1
737,570,NULL,NULL,1
738,88,NULL,NULL,1
739,589,NULL,NULL,1
740,489,NULL,NULL,0
741,595,NULL,NULL,0
742,159,NULL,NULL,1
743,NULL,NULL,62,0
744,NULL,NULL,103,0
745,NULL,NULL,147,1
746,NULL,NULL,510,1
747,NULL,NULL,369,1
748,NULL,NULL,73,0
749,NULL,NULL,502,1
750,NULL,NULL,578,0
751,NULL,NULL,231,1
752,NULL,NULL,52,0
753,NULL,NULL,16,0
754,NULL,NULL,168,1
755,NULL,NULL,68,1
756,NULL,NULL,160,0
757,NULL,NULL,450,0
758,NULL,NULL,367,1
759,NULL,NULL,493,1
760,NULL,NULL,268,0
761,NULL,NULL,34,1
762,NULL,NULL,297,1
763,NULL,NULL,258,0
764,NULL,NULL,239,0
765,NULL,NULL,549,0
766,NULL,NULL,75,0
767,NULL,NULL,210,0
768,NULL,NULL,297,0
769,NULL,NULL,222,1
770,NULL,NULL,529,1
771,NULL,NULL,307,0
772,NULL,NULL,430,1
773,NULL,NULL,62,0
774,NULL,NULL,27,0
775,NULL,NULL,398,1
776,NULL,NULL,34,1
777,NULL,NULL,439,0
778,NULL,NULL,273,0
779,NULL,NULL,572,1
780,NULL,NULL,451,1
781,NULL,NULL,157,1
782,NULL,NULL,266,1
783,NULL,NULL,179,0
784,NULL,NULL,264,1
785,NULL,NULL,59,0
786,NULL,NULL,478,1
787,NULL,NULL,159,1
788,NULL,NULL,428,0
789,NULL,NULL,331,1
790,NULL,NULL,102,0
791,69,NULL,NULL,1
792,261,NULL,NULL,0
793,252,NULL,NULL,1
794,351,NULL,NULL,1
795,221,NULL,NULL,0
796,272,NULL,NULL,0
797,244,NULL,NULL,0
798,180,NULL,NULL,1
799,474,NULL,NULL,1
800,318,NULL,NULL,0
801,322,NULL,NULL,1
802,62,NULL,NULL,0
803,256,NULL,NULL,1
804,326,NULL,NULL,0
805,197,NULL,NULL,0
806,85,NULL,NULL,0
807,14,NULL,NULL,0
808,503,NULL,NULL,1
809,260,NULL,NULL,1
810,329,NULL,NULL,1
811,215,NULL,NULL,1
812,397,NULL,NULL,0
813,222,NULL,NULL,0
814,NULL,194,NULL,1
815,NULL,452,NULL,0
816,NULL,331,NULL,1
817,NULL,569,NULL,0
818,NULL,280,NULL,0
819,NULL,390,NULL,1
820,NULL,218,NULL,1
821,NULL,297,NULL,1
822,NULL,256,NULL,1
823,NULL,518,NULL,0
824,NULL,587,NULL,1
825,NULL,6,NULL,0
826,NULL,104,NULL,1
827,NULL,452,NULL,0
828,NULL,146,NULL,0
829,NULL,59,NULL,1
830,NULL,138,NULL,1
831,NULL,500,NULL,1
832,NULL,240,NULL,1
833,NULL,468,NULL,0
834,NULL,68,NULL,1
835,NULL,56,NULL,0
836,NULL,452,NULL,0
837,NULL,455,NULL,0
838,NULL,421,NULL,0
839,NULL,104,NULL,0
840,NULL,250,NULL,1
841,NULL,221,NULL,0
842,NULL,487,NULL,1
843,NULL,463,NULL,1
844,NULL,350,NULL,0
845,NULL,482,NULL,0
846,NULL,357,NULL,0
847,NULL,475,NULL,1
848,NULL,591,NULL,1
849,NULL,13,NULL,1
850,NULL,425,NULL,0
851,NULL,130,NULL,0
852,NULL,147,NULL,0
853,NULL,142,NULL,1
854,NULL,82,NULL,1
855,NULL,357,NULL,1
856,476,NULL,NULL,0
857,220,NULL,NULL,0
858,439,NULL,NULL,1
859,185,NULL,NULL,1
860,559,NULL,NULL,1
861,77,NULL,NULL,1
862,488,NULL,NULL,1
863,302,NULL,NULL,1
864,534,NULL,NULL,1
865,102,NULL,NULL,1
866,251,NULL,NULL,1
867,495,NULL,NULL,0
868,372,NULL,NULL,1
869,575,NULL,NULL,0
870,379,NULL,NULL,0
871,508,NULL,NULL,1
872,436,NULL,NULL,0
873,205,NULL,NULL,0
874,422,NULL,NULL,1
875,412,NULL,NULL,1
876,427,NULL,NULL,0
877,494,NULL,NULL,1
878,387,NULL,NULL,1
879,93,NULL,NULL,0
880,249,NULL,NULL,1
881,509,NULL,NULL,0
882,588,NULL,NULL,0
883,85,NULL,NULL,0
884,431,NULL,NULL,0
885,434,NULL,NULL,1
886,44,NULL,NULL,0
887,60,NULL,NULL,0
888,520,NULL,NULL,1
889,132,NULL,NULL,1
890,190,NULL,NULL,1
891,419,NULL,NULL,1
892,476,NULL,NULL,1
893,87,NULL,NULL,1
894,492,NULL,NULL,1
895,420,NULL,NULL,0
896,586,NULL,NULL,0
897,485,NULL,NULL,1
898,275,NULL,NULL,1
899,248,NULL,NULL,1
900,90,NULL,NULL,1
901,419,NULL,NULL,0
902,287,NULL,NULL,0
903,353,NULL,NULL,0
904,364,NULL,NULL,1
905,229,NULL,NULL,0
906,521,NULL,NULL,0
907,211,NULL,NULL,1
908,506,NULL,NULL,1
909,589,NULL,NULL,0
910,165,NULL,NULL,1
911,321,NULL,NULL,0
912,513,NULL,NULL,1
913,345,NULL,NULL,1
914,380,NULL,NULL,1
915,227,NULL,NULL,1
916,256,NULL,NULL,1
917,227,NULL,NULL,1
918,324,NULL,NULL,0
919,211,NULL,NULL,0
920,480,NULL,NULL,0
921,75,NULL,NULL,1
922,550,NULL,NULL,0
923,128,NULL,NULL,1
924,119,NULL,NULL,0
925,572,NULL,NULL,1
926,173,NULL,NULL,1
927,359,NULL,NULL,1
928,173,NULL,NULL,1
929,449,NULL,NULL,1
930,523,NULL,NULL,0
931,312,NULL,NULL,1
932,336,NULL,NULL,0
933,340,NULL,NULL,0
934,419,NULL,NULL,1
935,106,NULL,NULL,0
936,433,NULL,NULL,1
937,237,NULL,NULL,0
938,477,NULL,NULL,1
939,269,NULL,NULL,0
940,557,NULL,NULL,0
941,234,NULL,NULL,0
942,519,NULL,NULL,0
943,18,NULL,NULL,0
944,401,NULL,NULL,0
945,547,NULL,NULL,0
946,212,NULL,NULL,1
947,573,NULL,NULL,0
948,110,NULL,NULL,1
949,359,NULL,NULL,0
950,308,NULL,NULL,1
951,291,NULL,NULL,1
952,31,NULL,NULL,1
953,418,NULL,NULL,0
954,509,NULL,NULL,0
955,64,NULL,NULL,0
956,261,NULL,NULL,1
957,171,NULL,NULL,0
958,216,NULL,NULL,0
959,43,NULL,NULL,0
960,165,NULL,NULL,1
961,31,NULL,NULL,0
962,238,NULL,NULL,1
963,554,NULL,NULL,0
964,232,NULL,NULL,1
965,32,NULL,NULL,0
966,578,NULL,NULL,0
967,152,NULL,NULL,0
968,156,NULL,NULL,0
969,202,NULL,NULL,1
970,195,NULL,NULL,0
971,529,NULL,NULL,1
972,585,NULL,NULL,1
973,591,NULL,NULL,0
974,298,NULL,NULL,0
975,547,NULL,NULL,1
976,497,NULL,NULL,1
977,481,NULL,NULL,0
978,434,NULL,NULL,1
979,346,NULL,NULL,0
980,371,NULL,NULL,1
981,243,NULL,NULL,0
982,286,NULL,NULL,0
983,581,NULL,NULL,1
984,387,NULL,NULL,1
985,600,NULL,NULL,0
986,44,NULL,NULL,0
987,319,NULL,NULL,1
988,241,NULL,NULL,0
989,524,NULL,NULL,0
990,472,NULL,NULL,0
991,205,NULL,NULL,0
992,19,NULL,NULL,0
993,81,NULL,NULL,1
994,488,NULL,NULL,0
995,31,NULL,NULL,1
996,539,NULL,NULL,0
997,NULL,NULL,544,0
998,NULL,NULL,519,0
999,NULL,NULL,80,0
1000,NULL,NULL,94,0
1001,NULL,NULL,444,1
1002,NULL,NULL,222,0
1003,NULL,NULL,355,0
1004,NULL,NULL,560,1
1005,NULL,NULL,492,0
1006,NULL,NULL,61,0
1007,NULL,NULL,350,0
1008,NULL,NULL,143,1
1009,NULL,NULL,181,1
1010,NULL,NULL,561,0
1011,NULL,NULL,246,1
1012,NULL,NULL,161,0
1013,NULL,NULL,520,1
1014,NULL,NULL,156,1
1015,NULL,NULL,333,1
1016,NULL,NULL,425,0
1017,NULL,NULL,160,0
1018,NULL,NULL,57,0
1019,NULL,NULL,596,0
1020,NULL,NULL,542,0
1021,NULL,NULL,108,0
1022,NULL,NULL,370,0
1023,NULL,NULL,230,0
1024,NULL,NULL,520,0
1025,NULL,NULL,252,1
1026,NULL,NULL,109,1
1027,NULL,NULL,122,0
1028,NULL,NULL,365,1
1029,NULL,NULL,17,0
1030,NULL,NULL,258,1
1031,NULL,NULL,12,1
1032,NULL,NULL,220,1
1033,NULL,NULL,352,0
1034,NULL,NULL,268,1
1035,NULL,NULL,122,1
1036,NULL,NULL,113,1
1037,NULL,NULL,432,0
1038,NULL,NULL,54,1
1039,NULL,NULL,70,1
1040,NULL,NULL,213,0
1041,NULL,NULL,309,0
1042,NULL,NULL,372,0
1043,NULL,NULL,442,0
1044,NULL,NULL,5,1
1045,NULL,NULL,280,1
1046,NULL,NULL,59,1
1047,NULL,NULL,593,0
1048,NULL,NULL,356,0
1049,NULL,NULL,570,1
1050,NULL,NULL,233,0
1051,NULL,NULL,513,1
1052,NULL,NULL,80,1
1053,NULL,NULL,117,1
1054,NULL,NULL,466,1
1055,167,NULL,NULL,1
1056,498,NULL,NULL,1
1057,439,NULL,NULL,1
1058,220,NULL,NULL,0
1059,235,NULL,NULL,0
1060,150,NULL,NULL,0
1061,79,NULL,NULL,1
1062,190,NULL,NULL,1
1063,552,NULL,NULL,1
1064,87,NULL,NULL,1
1065,536,NULL,NULL,1
1066,23,NULL,NULL,1
1067,366,NULL,NULL,0
1068,241,NULL,NULL,1
1069,397,NULL,NULL,1
1070,224,NULL,NULL,1
1071,405,NULL,NULL,0
1072,452,NULL,NULL,1
1073,454,NULL,NULL,1
1074,565,NULL,NULL,1
1075,56,NULL,NULL,1
1076,447,NULL,NULL,1
1077,294,NULL,NULL,0
1078,235,NULL,NULL,1
1079,15,NULL,NULL,0
1080,537,NULL,NULL,0
1081,170,NULL,NULL,0
1082,1,NULL,NULL,0
1083,148,NULL,NULL,0
1084,291,NULL,NULL,1
1085,127,NULL,NULL,0
1086,417,NULL,NULL,1
1087,30,NULL,NULL,0
1088,212,NULL,NULL,0
1089,484,NULL,NULL,1
1090,505,NULL,NULL,0
1091,209,NULL,NULL,0
1092,96,NULL,NULL,0
1093,253,NULL,NULL,1
1094,545,NULL,NULL,1
1095,142,NULL,NULL,0
1096,477,NULL,NULL,0
1097,429,NULL,NULL,1
1098,313,NULL,NULL,1
1099,225,NULL,NULL,1
1100,484,NULL,NULL,0
1101,381,NULL,NULL,1
1102,492,NULL,NULL,0
1103,505,NULL,NULL,0
1104,301,NULL,NULL,1
1105,16,NULL,NULL,1
1106,360,NULL,NULL,1
1107,475,NULL,NULL,1
1108,NULL,105,NULL,0
1109,NULL,553,NULL,0
1110,NULL,374,NULL,1
1111,NULL,514,NULL,1
1112,NULL,401,NULL,0
1113,NULL,71,NULL,0
1114,NULL,207,NULL,1
1115,NULL,307,NULL,1
1116,NULL,529,NULL,0
1117,NULL,512,NULL,0
1118,NULL,90,NULL,1
1119,NULL,538,NULL,0
1120,NULL,168,NULL,0
1121,NULL,369,NULL,0
1122,NULL,410,NULL,1
1123,NULL,65,NULL,0
1124,NULL,307,NULL,1
1125,NULL,129,NULL,1
1126,NULL,131,NULL,1
1127,NULL,111,NULL,1
1128,NULL,212,NULL,0
1129,NULL,107,NULL,1
1130,NULL,135,NULL,1
1131,NULL,96,NULL,1
1132,NULL,57,NULL,0
1133,NULL,594,NULL,1
1134,NULL,462,NULL,1
1135,NULL,151,NULL,0
1136,NULL,410,NULL,0
1137,NULL,393,NULL,1
1138,NULL,600,NULL,1
1139,NULL,299,NULL,1
1140,NULL,469,NULL,0
1141,NULL,488,NULL,0
1142,NULL,135,NULL,0
1143,NULL,180,NULL,0
1144,NULL,369,NULL,0
1145,NULL,395,NULL,0
1146,NULL,496,NULL,1
1147,NULL,176,NULL,1
1148,NULL,491,NULL,1
1149,NULL,75,NULL,1
1150,NULL,178,NULL,0
1151,NULL,509,NULL,0
1152,NULL,395,NULL,0
1153,NULL,564,NULL,1
1154,NULL,559,NULL,0
1155,NULL,309,NULL,1
1156,NULL,198,NULL,0
1157,NULL,221,NULL,1
1158,NULL,529,NULL,1
1159,NULL,14,NULL,0
1160,NULL,519,NULL,0
1161,NULL,412,NULL,0
1162,NULL,316,NULL,1
1163,NULL,251,NULL,0
1164,NULL,360,NULL,1
1165,NULL,231,NULL,0
1166,NULL,217,NULL,0
1167,NULL,508,NULL,1
1168,NULL,199,NULL,1
1169,NULL,291,NULL,0
1170,NULL,6,NULL,0
1171,NULL,591,NULL,0
1172,NULL,479,NULL,1
1173,NULL,292,NULL,0
1174,NULL,259,NULL,1
1175,NULL,550,NULL,0
1176,NULL,257,NULL,1
1177,NULL,389,NULL,0
1178,NULL,169,NULL,1
1179,NULL,146,NULL,0
1180,NULL,483,NULL,0
1181,NULL,193,NULL,1
1182,NULL,74,NULL,1
1183,NULL,186,NULL,1
1184,NULL,482,NULL,0
1185,NULL,131,NULL,1
1186,NULL,462,NULL,1
1187,NULL,571,NULL,0
1188,NULL,47,NULL,1
1189,NULL,591,NULL,1
1190,NULL,327,NULL,1
1191,NULL,306,NULL,1
1192,NULL,594,NULL,0
1193,NULL,231,NULL,0
1194,NULL,358,NULL,0
1195,NULL,537,NULL,1
1196,NULL,515,NULL,1
1197,NULL,51,NULL,0
1198,NULL,480,NULL,1
1199,NULL,338,NULL,1
1200,NULL,183,NULL,1
1201,NULL,5,NULL,1
1202,NULL,437,NULL,0
1203,NULL,474,NULL,1
1204,491,NULL,NULL,0
1205,306,NULL,NULL,0
1206,264,NULL,NULL,1
1207,93,NULL,NULL,1
1208,3,NULL,NULL,0
1209,172,NULL,NULL,0
1210,332,NULL,NULL,1
1211,486,NULL,NULL,0
1212,366,NULL,NULL,0
1213,56,NULL,NULL,0
1214,558,NULL,NULL,0
1215,555,NULL,NULL,1
1216,228,NULL,NULL,1
1217,538,NULL,NULL,0
1218,225,NULL,NULL,1
1219,181,NULL,NULL,0
1220,600,NULL,NULL,0
1221,382,NULL,NULL,0
1222,187,NULL,NULL,1
1223,538,NULL,NULL,1
1224,87,NULL,NULL,0
1225,596,NULL,NULL,0
1226,423,NULL,NULL,0
1227,305,NULL,NULL,0
1228,445,NULL,NULL,1
1229,556,NULL,NULL,0
1230,39,NULL,NULL,0
1231,363,NULL,NULL,0
1232,392,NULL,NULL,0
1233,75,NULL,NULL,1
1234,248,NULL,NULL,1
1235,449,NULL,NULL,1
1236,252,NULL,NULL,0
1237,538,NULL,NULL,1
1238,207,NULL,NULL,1
1239,107,NULL,NULL,0
1240,347,NULL,NULL,0
1241,383,NULL,NULL,1
1242,128,NULL,NULL,1
1243,195,NULL,NULL,1
1244,133,NULL,NULL,0
1245,537,NULL,NULL,1
1246,326,NULL,NULL,1
1247,306,NULL,NULL,1
1248,532,NULL,NULL,0
1249,447,NULL,NULL,1
1250,248,NULL,NULL,1
1251,495,NULL,NULL,1
1252,204,NULL,NULL,1
1253,239,NULL,NULL,1
1254,145,NULL,NULL,1
1255,229,NULL,NULL,0
1256,84,NULL,NULL,1
1257,463,NULL,NULL,1
1258,211,NULL,NULL,0
1259,358,NULL,NULL,0
1260,313,NULL,NULL,0
1261,588,NULL,NULL,0
1262,198,NULL,NULL,0
1263,532,NULL,NULL,1
1264,51,NULL,NULL,0
1265,329,NULL,NULL,0
1266,229,NULL,NULL,0
1267,546,NULL,NULL,0
1268,297,NULL,NULL,0
1269,155,NULL,NULL,1
1270,12,NULL,NULL,0
1271,72,NULL,NULL,0
1272,331,NULL,NULL,1
1273,428,NULL,NULL,1
1274,38,NULL,NULL,0
1275,277,NULL,NULL,1
1276,233,NULL,NULL,0
1277,292,NULL,NULL,0
1278,437,NULL,NULL,1
1279,442,NULL,NULL,1
1280,22,NULL,NULL,0
1281,124,NULL,NULL,0
1282,299,NULL,NULL,0
1283,400,NULL,NULL,1
1284,224,NULL,NULL,1
1285,445,NULL,NULL,0
1286,554,NULL,NULL,1
1287,80,NULL,NULL,1
1288,115,NULL,NULL,1
1289,198,NULL,NULL,0
1290,302,NULL,NULL,1
1291,118,NULL,NULL,1
1292,585,NULL,NULL,1
1293,390,NULL,NULL,1
1294,263,NULL,NULL,0
1295,504,NULL,NULL,1
1296,177,NULL,NULL,1
1297,19,NULL,NULL,0
1298,80,NULL,NULL,1
1299,300,NULL,NULL,1
1300,554,NULL,NULL,0
1301,183,NULL,NULL,0
1302,595,NULL,NULL,1
1303,433,NULL,NULL,1
1304,102,NULL,NULL,1
1305,581,NULL,NULL,0
1306,452,NULL,NULL,0
1307,99,NULL,NULL,1
1308,345,NULL,NULL,1
1309,103,NULL,NULL,0
1310,86,NULL,NULL,0
1311,328,NULL,NULL,1
1312,28,NULL,NULL,1
1313,255,NULL,NULL,0
1314,404,NULL,NULL,1
1315,350,NULL,NULL,1
1316,44,NULL,NULL,0
1317,225,NULL,NULL,1
1318,405,NULL,NULL,1
1319,354,NULL,NULL,1
1320,376,NULL,NULL,1
1321,555,NULL,NULL,0
1322,431,NULL,NULL,0
1323,259,NULL,NULL,1
1324,326,NULL,NULL,0
1325,276,NULL,NULL,1
1326,151,NULL,NULL,0
1327,461,NULL,NULL,0
1328,246,NULL,NULL,0
1329,382,NULL,NULL,0
1330,332,NULL,NULL,1
1331,112,NULL,NULL,1
1332,475,NULL,NULL,1
1333,398,NULL,NULL,0
1334,503,NULL,NULL,0
1335,38,NULL,NULL,1
1336,353,NULL,NULL,1
1337,367,NULL,NULL,0
1338,174,NULL,NULL,0
1339,107,NULL,NULL,1
1340,490,NULL,NULL,0
1341,592,NULL,NULL,1
1342,33,NULL,NULL,0
1343,351,NULL,NULL,0
1344,222,NULL,NULL,1
1345,291,NULL,NULL,1
1346,577,NULL,NULL,1
1347,184,NULL,NULL,0
1348,264,NULL,NULL,1
1349,95,NULL,NULL,0
1350,140,NULL,NULL,0
1351,460,NULL,NULL,1
1352,470,NULL,NULL,1
1353,286,NULL,NULL,1
1354,221,NULL,NULL,0
1355,553,NULL,NULL,1
1356,264,NULL,NULL,0
1357,277,NULL,NULL,0
1358,248,NULL,NULL,0
1359,415,NULL,NULL,1
1360,385,NULL,NULL,1
1361,109,NULL,NULL,0
1362,125,NULL,NULL,1
1363,474,NULL,NULL,1
1364,298,NULL,NULL,1
1365,158,NULL,NULL,1
1366,567,NULL,NULL,1
1367,473,NULL,NULL,0
1368,20,NULL,NULL,0
1369,237,NULL,NULL,0
1370,393,NULL,NULL,0
1371,4,NULL,NULL,1
1372,362,NULL,NULL,1
1373,393,NULL,NULL,0
1374,557,NULL,NULL,1
1375,327,NULL,NULL,0
1376,308,NULL,NULL,0
1377,543,NULL,NULL,0
1378,216,NULL,NULL,0
1379,264,NULL,NULL,0
1380,501,NULL,NULL,1
1381,157,NULL,NULL,0
1382,266,NULL,NULL,1
1383,545,NULL,NULL,1
1384,207,NULL,NULL,1
1385,347,NULL,NULL,1
1386,134,NULL,NULL,1
1387,46,NULL,NULL,0
1388,107,NULL,NULL,1
1389,585,NULL,NULL,0
1390,305,NULL,NULL,1
1391,514,NULL,NULL,1
1392,451,NULL,NULL,1
1393,589,NULL,NULL,0
1394,519,NULL,NULL,1
1395,301,NULL,NULL,0
1396,178,NULL,NULL,1
1397,64,NULL,NULL,0
1398,213,NULL,NULL,1
1399,362,NULL,NULL,0
1400,299,NULL,NULL,0
1401,511,NULL,NULL,0
1402,376,NULL,NULL,1
1403,59,NULL,NULL,0
1404,126,NULL,NULL,0
1405,173,NULL,NULL,1
1406,180,NULL,NULL,1
1407,500,NULL,NULL,1
1408,79,NULL,NULL,0
1409,47,NULL,NULL,0
1410,520,NULL,NULL,1
1411,252,NULL,NULL,1
1412,400,NULL,NULL,1
1413,267,NULL,NULL,1
1414,307,NULL,NULL,0
1415,402,NULL,NULL,1
1416,379,NULL,NULL,0
1417,146,NULL,NULL,0
1418,596,NULL,NULL,1
1419,360,NULL,NULL,1
1420,260,NULL,NULL,0
1421,528,NULL,NULL,0
1422,279,NULL,NULL,0
1423,514,NULL,NULL,0
1424,542,NULL,NULL,1
1425,97,NULL,NULL,0
1426,569,NULL,NULL,0
1427,230,NULL,NULL,0
1428,567,NULL,NULL,1
1429,440,NULL,NULL,0
1430,316,NULL,NULL,0
1431,275,NULL,NULL,1
1432,9,NULL,NULL,1
1433,107,NULL,NULL,0
1434,354,NULL,NULL,1
1435,527,NULL,NULL,1
1436,114,NULL,NULL,0
1437,81,NULL,NULL,1
1438,484,NULL,NULL,0
1439,392,NULL,NULL,1
1440,314,NULL,NULL,0
1441,564,NULL,NULL,1
1442,90,NULL,NULL,0
1443,539,NULL,NULL,0
1444,49,NULL,NULL,0
1445,62,NULL,NULL,1
1446,197,NULL,NULL,0
1447,340,NULL,NULL,1
1448,240,NULL,NULL,0
1449,65,NULL,NULL,1
1450,328,NULL,NULL,0
1451,537,NULL,NULL,1
1452,337,NULL,NULL,1
1453,269,NULL,NULL,0
1454,470,NULL,NULL,0
1455,92,NULL,NULL,1
1456,165,NULL,NULL,1
1457,260,NULL,NULL,1
1458,290,NULL,NULL,0
1459,599,NULL,NULL,1
1460,8,NULL,NULL,1
1461,133,NULL,NULL,0
1462,160,NULL,NULL,1
1463,356,NULL,NULL,1
1464,513,NULL,NULL,1
1465,424,NULL,NULL,1
1466,248,NULL,NULL,0
1467,204,NULL,NULL,1
1468,578,NULL,NULL,1
1469,243,NULL,NULL,0
1470,267,NULL,NULL,1
1471,517,NULL,NULL,1
1472,497,NULL,NULL,0
1473,584,NULL,NULL,1
1474,449,NULL,NULL,1
1475,29,NULL,NULL,1
1476,169,NULL,NULL,0
1477,102,NULL,NULL,0
1478,500,NULL,NULL,0
1479,19,NULL,NULL,0
1480,262,NULL,NULL,1
1481,533,NULL,NULL,1
1482,73,NULL,NULL,1
1483,582,NULL,NULL,1
1484,475,NULL,NULL,0
1485,580,NULL,NULL,1
1486,464,NULL,NULL,0
1487,585,NULL,NULL,1
1488,376,NULL,NULL,1
1489,369,NULL,NULL,1
1490,289,NULL,NULL,0
1491,125,NULL,NULL,1
1492,223,NULL,NULL,0
1493,94,NULL,NULL,0
1494,453,NULL,NULL,1
1495,572,NULL,NULL,1
1496,94,NULL,NULL,1
1497,205,NULL,NULL,1
1498,129,NULL,NULL,1
1499,16,NULL,NULL,1
1500,454,NULL,NULL,1
1501,582,NULL,NULL,0
1502,189,NULL,NULL,1
1503,242,NULL,NULL,0
1504,123,NULL,NULL,1
1505,58,NULL,NULL,0
1506,135,NULL,NULL,1
1507,556,NULL,NULL,1
1508,165,NULL,NULL,0
1509,284,NULL,NULL,0
1510,369,NULL,NULL,1
1511,270,NULL,NULL,0
1512,323,NULL,NULL,0
1513,233,NULL,NULL,1
1514,507,NULL,NULL,1
1515,424,NULL,NULL,1
1516,427,NULL,NULL,0
1517,432,NULL,NULL,1
1518,403,NULL,NULL,1
1519,88,NULL,NULL,0
1520,408,NULL,NULL,1
1521,394,NULL,NULL,0
1522,53,NULL,NULL,0
1523,164,NULL,NULL,1
1524,259,NULL,NULL,0
1525,212,NULL,NULL,0
1526,248,NULL,NULL,1
1527,378,NULL,NULL,1
1528,455,NULL,NULL,1
1529,1,NULL,NULL,0
1530,108,NULL,NULL,0
1531,492,NULL,NULL,0
1532,274,NULL,NULL,1
1533,119,NULL,NULL,0
1534,83,NULL,NULL,0
1535,281,NULL,NULL,1
1536,131,NULL,NULL,1
1537,442,NULL,NULL,1
1538,48,NULL,NULL,1
1539,491,NULL,NULL,1
1540,379,NULL,NULL,1
1541,20,NULL,NULL,0
1542,506,NULL,NULL,0
1543,397,NULL,NULL,1
1544,59,NULL,NULL,1
1545,215,NULL,NULL,1
1546,508,NULL,NULL,0
1547,315,NULL,NULL,1
1548,106,NULL,NULL,0
1549,306,NULL,NULL,0
1550,52,NULL,NULL,0
1551,439,NULL,NULL,1
1552,597,NULL,NULL,0
1553,333,NULL,NULL,0
1554,277,NULL,NULL,1
1555,472,NULL,NULL,0
1556,359,NULL,NULL,1
1557,73,NULL,NULL,0
1558,131,NULL,NULL,1
1559,38,NULL,NULL,0
1560,49,NULL,NULL,0
1561,600,NULL,NULL,0
1562,184,NULL,NULL,0
1563,441,NULL,NULL,0
1564,160,NULL,NULL,1
1565,250,NULL,NULL,0
1566,128,NULL,NULL,1
1567,151,NULL,NULL,0
1568,561,NULL,NULL,1
1569,214,NULL,NULL,0
1570,33,NULL,NULL,1
1571,424,NULL,NULL,0
1572,146,NULL,NULL,1
1573,549,NULL,NULL,0
1574,276,NULL,NULL,1
1575,18,NULL,NULL,0
1576,94,NULL,NULL,0
1577,310,NULL,NULL,0
1578,74,NULL,NULL,0
1579,573,NULL,NULL,0
1580,565,NULL,NULL,1
1581,171,NULL,NULL,1
1582,174,NULL,NULL,1
1583,262,NULL,NULL,0
1584,304,NULL,NULL,1
1585,537,NULL,NULL,0
1586,264,NULL,NULL,0
1587,200,NULL,NULL,1
1588,300,NULL,NULL,1
1589,98,NULL,NULL,1
1590,255,NULL,NULL,1
1591,285,NULL,NULL,1
1592,45,NULL,NULL,1
1593,397,NULL,NULL,1
1594,27,NULL,NULL,0
1595,244,NULL,NULL,1
1596,205,NULL,NULL,1
1597,22,NULL,NULL,0
1598,101,NULL,NULL,0
1599,118,NULL,NULL,0
1600,282,NULL,NULL,0
1601,17,NULL,NULL,1
1602,187,NULL,NULL,1
1603,155,NULL,NULL,0
1604,156,NULL,NULL,1
1605,239,NULL,NULL,0
1606,334,NULL,NULL,0
1607,354,NULL,NULL,1
1608,429,NULL,NULL,0
1609,412,NULL,NULL,0
1610,528,NULL,NULL,0
1611,350,NULL,NULL,0
1612,168,NULL,NULL,0
1613,464,NULL,NULL,1
1614,359,NULL,NULL,1
1615,105,NULL,NULL,0
1616,153,NULL,NULL,0
1617,354,NULL,NULL,1
1618,266,NULL,NULL,0
1619,276,NULL,NULL,1
1620,358,NULL,NULL,1
1621,445,NULL,NULL,1
1622,484,NULL,NULL,1
1623,22,NULL,NULL,1
1624,349,NULL,NULL,0
1625,281,NULL,NULL,1
1626,136,NULL,NULL,0
1627,160,NULL,NULL,0
1628,123,NULL,NULL,1
1629,108,NULL,NULL,1
1630,300,NULL,NULL,1
1631,551,NULL,NULL,0
1632,195,NULL,NULL,0
1633,224,NULL,NULL,0
1634,324,NULL,NULL,0
1635,205,NULL,NULL,1
1636,263,NULL,NULL,1
1637,598,NULL,NULL,1
1638,373,NULL,NULL,0
1639,75,NULL,NULL,1
1640,333,NULL,NULL,1
1641,397,NULL,NULL,1
1642,254,NULL,NULL,0
1643,395,NULL,NULL,0
1644,255,NULL,NULL,0
1645,392,NULL,NULL,0
1646,549,NULL,NULL,0
1647,44,NULL,NULL,0
1648,194,NULL,NULL,1
1649,424,NULL,NULL,0
1650,303,NULL,NULL,1
1651,3,NULL,NULL,1
1652,288,NULL,NULL,1
1653,141,NULL,NULL,1
1654,528,NULL,NULL,1
1655,424,NULL,NULL,1
1656,141,NULL,NULL,1
1657,6,NULL,NULL,0
1658,234,NULL,NULL,1
1659,221,NULL,NULL,1
1660,114,NULL,NULL,0
1661,192,NULL,NULL,1
1662,24,NULL,NULL,1
1663,191,NULL,NULL,1
1664,77,NULL,NULL,0
1665,474,NULL,NULL,1
1666,128,NULL,NULL,0
1667,568,NULL,NULL,1
1668,70,NULL,NULL,0
1669,220,NULL,NULL,0
1670,303,NULL,NULL,0
1671,213,NULL,NULL,0
1672,517,NULL,NULL,1
1673,195,NULL,NULL,1
1674,425,NULL,NULL,1
1675,89,NULL,NULL,1
1676,76,NULL,NULL,0
1677,230,NULL,NULL,1
1678,522,NULL,NULL,0
1679,412,NULL,NULL,1
1680,84,NULL,NULL,1
1681,348,NULL,NULL,1
1682,124,NULL,NULL,1
1683,240,NULL,NULL,0
1684,473,NULL,NULL,1
1685,56,NULL,NULL,0
1686,242,NULL,NULL,0
1687,575,NULL,NULL,1
1688,286,NULL,NULL,1
1689,148,NULL,NULL,1
1690,190,NULL,NULL,1
1691,314,NULL,NULL,0
1692,211,NULL,NULL,1
1693,503,NULL,NULL,0
1694,456,NULL,NULL,1
1695,430,NULL,NULL,1
1696,287,NULL,NULL,1
1697,244,NULL,NULL,1
1698,471,NULL,NULL,1
1699,442,NULL,NULL,0
1700,428,NULL,NULL,0
1701,598,NULL,NULL,1
1702,588,NULL,NULL,1
1703,44,NULL,NULL,0
1704,74,NULL,NULL,0
1705,202,NULL,NULL,0
1706,419,NULL,NULL,1
1707,208,NULL,NULL,0
1708,53,NULL,NULL,1
1709,311,NULL,NULL,0
1710,316,NULL,NULL,0
1711,296,NULL,NULL,0
1712,109,NULL,NULL,0
1713,551,NULL,NULL,0
