﻿1,AXN White,http://www.imdb.com/title/tt3691740/?ref_=fn_tt_tt_1
2,Kinoko Films,http://www.imdb.com/title/tt1663202/?ref_=fn_tt_tt_1
3,toniwo Project,http://www.imdb.com/title/tt1860353/?ref_=fn_tt_tt_1
4,Little Wonder Productions,http://www.imdb.com/title/tt1192628/?ref_=fn_tt_tt_1
5,TMA Group,http://www.imdb.com/title/tt1911658/?ref_=fn_tt_tt_1
6,Sree Ram Debji Art,http://www.imdb.com/title/tt0440963/?ref_=fn_tt_tt_1
7,RBC Satelital,http://www.imdb.com/title/tt0441773/?ref_=fn_tt_tt_1
8,Marion Knott Studios,http://www.imdb.com/title/tt0478970/?ref_=fn_tt_tt_1
9,Humo,http://www.imdb.com/title/tt1951264/?ref_=fn_tt_tt_1
10,Channel 2020,http://www.imdb.com/title/tt1673434/?ref_=fn_tt_tt_1
11,2-Bit Jesus,http://www.imdb.com/title/tt2224026/?ref_=fn_tt_tt_1
12,Sweet Home Video,http://www.imdb.com/title/tt0407304/?ref_=fn_tt_tt_1
13,Perspective Films,http://www.imdb.com/title/tt0172156/?ref_=fn_tt_tt_1
14,2ktoonz Network,http://www.imdb.com/title/tt0448694/?ref_=fn_tt_tt_1
15,Wonderland Films,http://www.imdb.com/title/tt0944835/?ref_=fn_tt_tt_1
16,Randfilms,http://www.imdb.com/title/tt1959490/?ref_=fn_tt_tt_1
17,Champion Pictures,http://www.imdb.com/title/tt0983193/?ref_=fn_tt_tt_1
18,Latina Ars,http://www.imdb.com/title/tt0304141/?ref_=fn_tt_tt_1
19,Dick Wadd Fetish,http://www.imdb.com/title/tt0455824/?ref_=fn_tt_tt_1
20,Dinafilme,http://www.imdb.com/title/tt1815862/?ref_=fn_tt_tt_1
21,TMW FILM,http://www.imdb.com/title/tt0130623/?ref_=fn_tt_tt_1
22,Universal Music Group,http://www.imdb.com/title/tt1680310/?ref_=fn_tt_tt_1
23,Starlite Films,http://www.imdb.com/title/tt2692250/?ref_=fn_tt_tt_1
24,Mirror Films,http://www.imdb.com/title/tt1001526/?ref_=fn_tt_tt_1
25,Greyart,http://www.imdb.com/title/tt0241527/?ref_=fn_tt_tt_1
26,TBS News Bird,http://www.imdb.com/title/tt0790736/?ref_=fn_tt_tt_1
27,Dr. Mustachio Produtions,http://www.imdb.com/title/tt4262980/?ref_=fn_tt_tt_1
28,Vitronic,http://www.imdb.com/title/tt0325980/?ref_=fn_tt_tt_1
29,Nuevo Mundo Television,http://www.imdb.com/title/tt1571403/?ref_=fn_tt_tt_1
30,Aleksandrija Film,http://www.imdb.com/title/tt1951265/?ref_=fn_tt_tt_1
31,CBS DVD,http://www.imdb.com/title/tt0382625/?ref_=fn_tt_tt_1
32,Klenschmidtz Produktion,http://www.imdb.com/title/tt2357291/?ref_=fn_tt_tt_1
33,Apple Man Productions,http://www.imdb.com/title/tt0290334/?ref_=fn_tt_tt_1
34,Black Widow Media,http://www.imdb.com/title/tt1596343/?ref_=fn_tt_tt_1
35,Budsam Distributing Company,http://www.imdb.com/title/tt1515091/?ref_=fn_tt_tt_1
36,NikkiandElla Productions,http://www.imdb.com/title/tt0800320/?ref_=fn_tt_tt_1
37,TNL Productions,http://www.imdb.com/title/tt0100802/?ref_=fn_tt_tt_1
38,Exhibitors Mutual Distributing Company,http://www.imdb.com/title/tt0120657/?ref_=fn_tt_tt_1
39,Ã‰cole de cinÃ©ma - GenÃ¨ve,http://www.imdb.com/title/tt1194173/?ref_=fn_tt_tt_1
40,Mimetic Media,http://www.imdb.com/title/tt0118688/?ref_=fn_tt_tt_1
41,Caesar Film,http://www.imdb.com/title/tt0170016/?ref_=fn_tt_tt_1
42,Plymouth Film Corp.,http://www.imdb.com/title/tt0319262/?ref_=fn_tt_tt_1
43,Sirinfilms,http://www.imdb.com/title/tt0120755/?ref_=fn_tt_tt_1
44,Leon Gaumont,http://www.imdb.com/title/tt0177971/?ref_=fn_tt_tt_1
45,Artha Motion Pictures,http://www.imdb.com/title/tt0486576/?ref_=fn_tt_tt_1
46,Grahalakshmi Productions,http://www.imdb.com/title/tt0454876/?ref_=fn_tt_tt_1
47,Stein Film,http://www.imdb.com/title/tt0259324/?ref_=fn_tt_tt_1
48,University of Oklahoma,http://www.imdb.com/title/tt4196776/?ref_=fn_tt_tt_1
49,Cobra Productions,http://www.imdb.com/title/tt0305357/?ref_=fn_tt_tt_1
50,TV3,http://www.imdb.com/title/tt1446714/?ref_=fn_tt_tt_1
51,Goldsmiths' College,http://www.imdb.com/title/tt0243585/?ref_=fn_tt_tt_1
52,Blockhouse TV,http://www.imdb.com/title/tt1535108/?ref_=fn_tt_tt_1
53,Neufilm,http://www.imdb.com/title/tt0296572/?ref_=fn_tt_tt_1
54,Sammons Cable,http://www.imdb.com/title/tt1234721/?ref_=fn_tt_tt_1
55,Prodimag,http://www.imdb.com/title/tt0811080/?ref_=fn_tt_tt_1
56,Estonian Film Foundation,http://www.imdb.com/title/tt1341188/?ref_=fn_tt_tt_1
57,Never Land Films S.L.,http://www.imdb.com/title/tt1013743/?ref_=fn_tt_tt_1
58,Menoboy Studio,http://www.imdb.com/title/tt1483013/?ref_=fn_tt_tt_1
59,Guangdong Shining Star Culture Communication,http://www.imdb.com/title/tt0121766/?ref_=fn_tt_tt_1
