﻿1,Shamosh Filmcity,NULL,www.ShamoshFilmcity.com,24
2,Top of the Bay Entertainment,NULL,www.TopoftheBayEntertainment.com,50
3,"Atlas Vision ",NULL,www.AtlasVision.com,11
4,"Second Look ",NULL,www.SecondLook.com,51
5,SheShooter Pictures,NULL,www.SheShooterPictures.com,23
6,Top Film,NULL,www.TopFilm.com,9
7,Storytellers Workshop,NULL,www.StorytellersWorkshop.com,19
8,"Garva ",NULL,www.Garva.com,54
9,Baban Film,NULL,www.BabanFilm.com,44
10,RHI Entertainment Distribution,NULL,www.RHIEntertainmentDistribution.com,2
11,"Streetlife ",NULL,www.Streetlife.com,22
12,Archie Films,NULL,www.ArchieFilms.com,27
13,"Ledeck ",NULL,www.Ledeck.com,60
14,"a New Age Production, Kehrli-Krug & Shane",NULL,"www.aNewAgeProduction,Kehrli-Krug&Shane.com",29
15,Adventure Films,NULL,www.AdventureFilms.com,34
16,"P. Stevens ",NULL,www.P.Stevens.com,37
17,Swallow,NULL,www.Swallow.com,55
18,Films CritÃ©rium,NULL,www.FilmsCritÃ©rium.com,25
19,KFilms,NULL,www.KFilms.com,21
20,AB Studija,NULL,www.ABStudija.com,41
21,IFD Film and Arts,NULL,www.IFDFilmandArts.com,46
22,Studio II,NULL,www.StudioII.com,31
23,Sweet Shock Films,NULL,www.SweetShockFilms.com,58
24,DJI Creative Studio,NULL,www.DJICreativeStudio.com,4
25,PS Dialog,NULL,www.PSDialog.com,13
26,"Newborn ",NULL,www.Newborn.com,48
27,Proafilme,NULL,www.Proafilme.com,5
28,BMC Vison,NULL,www.BMCVison.com,40
29,NoFilm,NULL,www.NoFilm.com,3
30,RadishAttack Films,NULL,www.RadishAttackFilms.com,28
31,Abbasi Bros.,NULL,www.AbbasiBros..com,45
32,Sonet Entertainment,NULL,www.SonetEntertainment.com,14
33,Eugenio Cobo Felgueres,NULL,www.EugenioCoboFelgueres.com,42
34,RoadDog Industries,NULL,www.RoadDogIndustries.com,49
35,DRM Production Company,NULL,www.DRMProductionCompany.com,12
36,"Hammer Down ",NULL,www.HammerDown.com,26
37,"Rieloff ",NULL,www.Rieloff.com,18
38,Midnight Marquee Press,NULL,www.MidnightMarqueePress.com,35
39,Pocketful of Holes,NULL,www.PocketfulofHoles.com,52
40,"Family Tree ",NULL,www.FamilyTree.com,59
41,Bicycle Pictures,NULL,www.BicyclePictures.com,20
42,"Nebuchadnezzar ",NULL,www.Nebuchadnezzar.com,47
43,Outsiders,NULL,www.Outsiders.com,38
44,"Sughand ",NULL,www.Sughand.com,16
45,Joshua Tree Creative,NULL,www.JoshuaTreeCreative.com,30
46,Normal,NULL,www.Normal.com,43
47,Los ToÃ±ecos Producciones,NULL,www.LosToÃ±ecosProducciones.com,10
48,IMAV Editions,NULL,www.IMAVEditions.com,8
49,Derivative Films,NULL,www.DerivativeFilms.com,39
50,Fat City,NULL,www.FatCity.com,7
51,Ayuntamiento de AvilÃ©s,NULL,www.AyuntamientodeAvilÃ©s.com,1
52,Consulate,NULL,www.Consulate.com,33
53,Brain Power Studio,NULL,www.BrainPowerStudio.com,32
54,"Noonday ",NULL,www.Noonday.com,56
55,East End Pictures,NULL,www.EastEndPictures.com,17
56,Corporacion Dynamis S.A.,NULL,www.CorporacionDynamisS.A..com,15
57,Briana Nicole Frapart,NULL,www.BrianaNicoleFrapart.com,53
58,1027 Films,NULL,www.1027Films.com,36
59,JQ Producciones,NULL,www.JQProducciones.com,57
60,FRIEP-CNT,NULL,www.FRIEP-CNT.com,6
