﻿1,http://www.imdb.com/video/tt0187078/?ref_=fn_tt_tt_1,1
2,http://www.imdb.com/video/tt0172495/?ref_=fn_tt_tt_1,2
3,http://www.imdb.com/video/tt0181689/?ref_=fn_tt_tt_1,3
4,http://www.imdb.com/video/tt0295297/?ref_=fn_tt_tt_1,4
5,http://www.imdb.com/video/tt0381061/?ref_=fn_tt_tt_1,5
6,http://www.imdb.com/video/tt0133152/?ref_=fn_tt_tt_1,6
7,http://www.imdb.com/video/tt0103064/?ref_=fn_tt_tt_1,1
8,http://www.imdb.com/video/tt1152836/?ref_=fn_tt_tt_1,2
9,http://www.imdb.com/video/tt0765429/?ref_=fn_tt_tt_1,3
10,http://www.imdb.com/video/tt0111503/?ref_=fn_tt_tt_1,4
11,http://www.imdb.com/video/tt1111422/?ref_=fn_tt_tt_1,5
12,http://www.imdb.com/video/tt0970866/?ref_=fn_tt_tt_1,6
13,http://www.imdb.com/video/tt1386588/?ref_=fn_tt_tt_1,1
14,http://www.imdb.com/video/tt0116213/?ref_=fn_tt_tt_1,2
15,http://www.imdb.com/video/tt1853728/?ref_=fn_tt_tt_1,3
16,http://www.imdb.com/video/tt0116583/?ref_=fn_tt_tt_1,4
17,http://www.imdb.com/video/tt0120917/?ref_=fn_tt_tt_1,5
18,http://www.imdb.com/video/tt1764651/?ref_=fn_tt_tt_1,6
19,http://www.imdb.com/video/tt0368891/?ref_=fn_tt_tt_1,1
20,http://www.imdb.com/video/tt0449010/?ref_=fn_tt_tt_1,2
21,http://www.imdb.com/video/tt0386117/?ref_=fn_tt_tt_1,3
22,http://www.imdb.com/video/tt3332064/?ref_=fn_tt_tt_1,4
23,http://www.imdb.com/video/tt0848537/?ref_=fn_tt_tt_1,5
24,http://www.imdb.com/video/tt1243957/?ref_=fn_tt_tt_1,6
25,http://www.imdb.com/video/tt0146675/?ref_=fn_tt_tt_1,7
